,characterName,characterLink,actorName,actorLink,houseName,royal,parents,siblings,killedBy,characterImageThumb,characterImageFull,nickname,killed,servedBy,parentOf,marriedEngaged,serves,kingsguard,guardedBy,actors,guardianOf,allies,abductedBy,abducted,sibling,gender,type,hasChildren,hasSiblings,hasAllies,hasKilled
0,Aegon Targaryen,,,,Targaryen,True,"['Elia Martell', 'Rhaegar Targaryen']","['Rhaenys Targaryen', 'Jon Snow']",['Gregor Clegane'],,,,,,,,,,,,,,,,,,,,,,
1,Aeron Greyjoy,/character/ch0540081/,Michael Feast,/name/nm0269923/,Greyjoy,,,"['Balon Greyjoy', 'Euron Greyjoy']",,https://images-na.ssl-images-amazon.com/images/M/MV5BNzI5MDg0ZDAtN2Y2ZC00MzU1LTgyYjQtNTBjYjEzODczZDVhXkEyXkFqcGdeQXVyNTg0Nzg4NTE@._V1._SX100_SY140_.jpg,https://images-na.ssl-images-amazon.com/images/M/MV5BNzI5MDg0ZDAtN2Y2ZC00MzU1LTgyYjQtNTBjYjEzODczZDVhXkEyXkFqcGdeQXVyNTg0Nzg4NTE@._V1_.jpg,Damphair,,,,,,,,,,,,,,male,,,,,
2,Aerys II Targaryen,/character/ch0541362/,David Rintoul,/name/nm0727778/,Targaryen,True,,['Rhaella Targaryen'],['Jaime Lannister'],https://images-na.ssl-images-amazon.com/images/M/MV5BMWQzOWViN2ItNDZhOS00MmZlLTkxZTYtZDg5NGUwMGRmYWZjL2ltYWdlL2ltYWdlXkEyXkFqcGdeQXVyMjk3NTUyOTc@._V1._SX100_SY140_.jpg,https://images-na.ssl-images-amazon.com/images/M/MV5BMWQzOWViN2ItNDZhOS00MmZlLTkxZTYtZDg5NGUwMGRmYWZjL2ltYWdlL2ltYWdlXkEyXkFqcGdeQXVyMjk3NTUyOTc@._V1_.jpg,The Mad King,"['Brandon Stark', 'Rickard Stark']","['Arthur Dayne', 'Jaime Lannister']","['Daenerys Targaryen', 'Rhaegar Targaryen', 'Viserys Targaryen']",['Rhaella Targaryen'],,,,,,,,,,,,3.0,3.0,,2.0
3,Akho,/character/ch0544520/,Chuku Modu,/name/nm6729880/,,,,,['Daario Naharis'],https://images-na.ssl-images-amazon.com/images/M/MV5BOGE4ZDZmOGUtNGE4Ny00Y2VmLThiOGItMjk3Y2U0ZDY3OWQxXkEyXkFqcGdeQXVyMjk3NTUyOTc@._V1._SX100_SY140_.jpg,https://images-na.ssl-images-amazon.com/images/M/MV5BOGE4ZDZmOGUtNGE4Ny00Y2VmLThiOGItMjk3Y2U0ZDY3OWQxXkEyXkFqcGdeQXVyMjk3NTUyOTc@._V1_.jpg,,,,,,,,,,,,,,,male,,,,,
4,Alliser Thorne,/character/ch0246938/,Owen Teale,/name/nm0853583/,,,,,['Jon Snow'],https://images-na.ssl-images-amazon.com/images/M/MV5BMjAxMjExMjA3M15BMl5BanBnXkFtZTcwMjI1ODg5NA@@._V1._SX100_SY140_.jpg,"https://images-na.ssl-images-amazon.com/images/M/MV5BMjAxMjExMjA3M15BMl5BanBnXkFtZTcwMjI1ODg5NA@@._V1_SY1000_CR0,0,666,1000_AL_.jpg",,['Jon Snow'],,,,,,,,,,,,,male,,,,,1.0
5,Alton Lannister,/character/ch0305012/,Karl Davies,/name/nm0203801/,Lannister,,,,['Jaime Lannister'],https://images-na.ssl-images-amazon.com/images/M/MV5BMTU0NTU1NTAzOF5BMl5BanBnXkFtZTcwNzA2NDk4OA@@._V1._SX100_SY140_.jpg,https://images-na.ssl-images-amazon.com/images/M/MV5BMTU0NTU1NTAzOF5BMl5BanBnXkFtZTcwNzA2NDk4OA@@._V1_.jpg,,,,,,,,,,,,,,,male,,,,,
6,Alys Karstark,/character/ch0576836/,Megan Parkinson,/name/nm8257864/,,,['Harald Karstark'],,,,,,,,,,,,,,,,,,,female,,,,,
7,Amory Lorch,/character/ch0305002/,Fintan McKeown,/name/nm0571654/,,,,,"[""Jaqen H'ghar""]",https://images-na.ssl-images-amazon.com/images/M/MV5BOTVmY2M2YmUtY2JkYS00NjIyLWFhYTAtNTNlZmI4ODdiNmE5XkEyXkFqcGdeQXVyMjg2MTMyNTM@._V1._SX100_SY140_.jpg,https://images-na.ssl-images-amazon.com/images/M/MV5BOTVmY2M2YmUtY2JkYS00NjIyLWFhYTAtNTNlZmI4ODdiNmE5XkEyXkFqcGdeQXVyMjg2MTMyNTM@._V1_.jpg,,['Yoren'],,,,,,,,,,,,,male,,,,,1.0
8,Areo Hotah,/character/ch0507107/,Deobia Oparei,/name/nm0649046/,,,,,['Tyene Sand'],https://images-na.ssl-images-amazon.com/images/M/MV5BNWFkNTAwNzctOGQ2ZS00OTMyLWE3NDYtOGUwM2E1MzVlYjI0XkEyXkFqcGdeQXVyMjk3NTUyOTc@._V1._SX100_SY140_.jpg,https://images-na.ssl-images-amazon.com/images/M/MV5BNWFkNTAwNzctOGQ2ZS00OTMyLWE3NDYtOGUwM2E1MzVlYjI0XkEyXkFqcGdeQXVyMjk3NTUyOTc@._V1_.jpg,,,,,,['Doran Martell'],,,,,,,,,male,,,,,
9,Arthur Dayne,/character/ch0540097/,Luke Roberts,/name/nm1074361/,,,,,"['Howland Reed', 'Eddard Stark']",https://images-na.ssl-images-amazon.com/images/M/MV5BODczZDUxYmQtMzk1MC00ZTUwLTk1MjAtZDJlODViMWFhOGU5XkEyXkFqcGdeQXVyMjk3NTUyOTc@._V1._SX100_SY140_.jpg,https://images-na.ssl-images-amazon.com/images/M/MV5BODczZDUxYmQtMzk1MC00ZTUwLTk1MjAtZDJlODViMWFhOGU5XkEyXkFqcGdeQXVyMjk3NTUyOTc@._V1_.jpg,,,,,,['Aerys II Targaryen'],True,,,,,,,,male,,,,,
10,Arya Stark,/character/ch0158604/,Maisie Williams,/name/nm3586035/,Stark,,"['Eddard Stark', 'Catelyn Stark']","['Robb Stark', 'Sansa Stark', 'Bran Stark', 'Rickon Stark']",,https://images-na.ssl-images-amazon.com/images/M/MV5BMTk5MTYwNDc0OF5BMl5BanBnXkFtZTcwOTg2NDg1Nw@@._V1._SX100_SY140_.jpg,"https://images-na.ssl-images-amazon.com/images/M/MV5BMTk5MTYwNDc0OF5BMl5BanBnXkFtZTcwOTg2NDg1Nw@@._V1_SY1000_CR0,0,665,1000_AL_.jpg",,"['Red Keep Stableboy', 'Frey Soldier #1', 'Polliver', 'Rorge', 'Ghita', 'Meryn Trant', 'The Waif', 'Black Walder Rivers', 'Lothar Frey', 'Walder Frey', 'Petyr Baelish', 'The Night King', 'White Walker', 'Viserion']",,,,,,['Nymeria'],,,,,,,female,,,,,14.0
11,Baby Sam,/character/ch0547881/,,,,,"['Samwell Tarly', 'Gilly']",,,,,,,,,,,,,"[{'actorName': 'William Wilson', 'actorLink': '/name/nm8251159/', 'seasonsActive': [7]}, {'actorName': 'James Wilson', 'actorLink': '/name/nm8251160/', 'seasonsActive': [7]}]",,,,,,male,,,,,
12,Balon Greyjoy,/character/ch0292152/,Patrick Malahide,/name/nm0538869/,Greyjoy,,,"['Euron Greyjoy', 'Aeron Greyjoy']",['Euron Greyjoy'],https://images-na.ssl-images-amazon.com/images/M/MV5BMTUxNjkwODczN15BMl5BanBnXkFtZTcwODMwNTgzNw@@._V1._SX100_SY140_.jpg,"https://images-na.ssl-images-amazon.com/images/M/MV5BMTUxNjkwODczN15BMl5BanBnXkFtZTcwODMwNTgzNw@@._V1_SY1000_CR0,0,637,1000_AL_.jpg",,,,"['Yara Greyjoy', 'Theon Greyjoy']",,,,,,,,,,,male,,2.0,2.0,,
13,Baratheon Guard,/character/ch0350989/,Phil Barnhill,/name/nm4207240/,Baratheon,,,,,,,,,,,,,,,,,,,,,,,,,,
14,Barristan Selmy,/character/ch0241346/,Ian McElhinney,/name/nm0568400/,,,,,['Sons of the Harpy'],https://images-na.ssl-images-amazon.com/images/M/MV5BMTUyMTE0NjUxNV5BMl5BanBnXkFtZTcwOTA1ODg5NA@@._V1._SX100_SY140_.jpg,"https://images-na.ssl-images-amazon.com/images/M/MV5BMTUyMTE0NjUxNV5BMl5BanBnXkFtZTcwOTA1ODg5NA@@._V1_SX1500_CR0,0,1500,999_AL_.jpg",,,,,,['Daenerys Targaryen'],,,,,,,,,male,,,,,
15,Benjen Stark,/character/ch0153996/,Joseph Mawle,/name/nm1152798/,Stark,,['Rickard Stark'],"['Brandon Stark', 'Lyanna Stark', 'Eddard Stark']",['Wights'],https://images-na.ssl-images-amazon.com/images/M/MV5BMjFiY2M5MjgtZmRiMS00ZTAyLTk2Y2UtMjdjZTRkZmVlYTMyXkEyXkFqcGdeQXVyMjk3NTUyOTc@._V1._SX100_SY140_.jpg,https://images-na.ssl-images-amazon.com/images/M/MV5BMjFiY2M5MjgtZmRiMS00ZTAyLTk2Y2UtMjdjZTRkZmVlYTMyXkEyXkFqcGdeQXVyMjk3NTUyOTc@._V1_.jpg,,,,,,,,,,,,,,,male,,,,,
16,Beric Dondarrion,/character/ch0305320/,,,,,,,"['Sandor Clegane', 'Wights']",https://images-na.ssl-images-amazon.com/images/M/MV5BMjQwMTEwNTg2MF5BMl5BanBnXkFtZTgwNTAxODYxOTE@._V1._SX100_SY140_.jpg,"https://images-na.ssl-images-amazon.com/images/M/MV5BMjQwMTEwNTg2MF5BMl5BanBnXkFtZTgwNTAxODYxOTE@._V1_SY1000_CR0,0,665,1000_AL_.jpg",,,,,,,,,"[{'actorName': 'Richard Dormer', 'actorLink': '/name/nm0233807/', 'seasonsActive': [3, 6, 7, 8]}, {'actorName': 'David Michael Scott', 'actorLink': '/name/nm2364108/', 'seasonsActive': [1]}]",,,,,,male,,,,,
17,Biter,/character/ch0305028/,Gerard Jordan,/name/nm0429956/,,,,,['Sandor Clegane'],https://images-na.ssl-images-amazon.com/images/M/MV5BNWVjOWFjNGEtYzc0MC00YjkzLTkxM2QtN2Y1MmU4NzIzOTEyXkEyXkFqcGdeQXVyMjk3NTUyOTc@._V1._SX100_SY140_.jpg,https://images-na.ssl-images-amazon.com/images/M/MV5BNWVjOWFjNGEtYzc0MC00YjkzLTkxM2QtN2Y1MmU4NzIzOTEyXkEyXkFqcGdeQXVyMjk3NTUyOTc@._V1_.jpg,,,,,,,,,,,,,,,male,,,,,
18,Black Walder Rivers,/character/ch0014591/,Tim Plester,/name/nm1043031/,Frey,,['Walder Frey'],,['Arya Stark'],,,,['Catelyn Stark'],,,,,,,,,,,,,male,,,,,1.0
19,Bowen Marsh,/character/ch0305036/,Michael Condron,/name/nm1638006/,,,,,['Jon Snow'],https://images-na.ssl-images-amazon.com/images/M/MV5BNmRkMDYxYjQtYTBjZi00NDZlLThmNGMtYzlhNGI1ZDE5NTJmXkEyXkFqcGdeQXVyMjk3NTUyOTc@._V1._SX100_SY140_.jpg,https://images-na.ssl-images-amazon.com/images/M/MV5BNmRkMDYxYjQtYTBjZi00NDZlLThmNGMtYzlhNGI1ZDE5NTJmXkEyXkFqcGdeQXVyMjk3NTUyOTc@._V1_.jpg,,['Jon Snow'],,,,,,,,,,,,,male,,,,,1.0
20,Brandon Stark,,,,Stark,,['Rickard Stark'],"['Lyanna Stark', 'Benjen Stark', 'Eddard Stark']",['Aerys II Targaryen'],,,,,,,,,,,,,,,,,,,,,,
21,Bran Stark,/character/ch0234897/,Isaac Hempstead Wright,/name/nm3652842/,Stark,True,"['Eddard Stark', 'Catelyn Stark']","['Robb Stark', 'Sansa Stark', 'Arya Stark', 'Rickon Stark']",,https://images-na.ssl-images-amazon.com/images/M/MV5BMTA1NTg0NTI3MTBeQTJeQWpwZ15BbWU3MDEyNjg4OTQ@._V1._SX100_SY140_.jpg,"https://images-na.ssl-images-amazon.com/images/M/MV5BMTA1NTg0NTI3MTBeQTJeQWpwZ15BbWU3MDEyNjg4OTQ@._V1_SX1500_CR0,0,1500,999_AL_.jpg",,,,,,,,['Summer'],,,,,,,male,,,,,
22,Brienne of Tarth,/character/ch0254503/,Gwendoline Christie,/name/nm3729225/,,,,,,https://images-na.ssl-images-amazon.com/images/M/MV5BMTYzNDY4NzgzOV5BMl5BanBnXkFtZTcwNDM5ODg4OQ@@._V1._SX100_SY140_.jpg,https://images-na.ssl-images-amazon.com/images/M/MV5BMTYzNDY4NzgzOV5BMl5BanBnXkFtZTcwNDM5ODg4OQ@@._V1_.jpg,,"['Soldier Tom', 'Stannis Baratheon', 'Bolton Officer']",['Podrick Payne'],,,"['Renly Baratheon', 'Catelyn Stark', 'Sansa Stark', 'Bran Stark']",True,,,,,,,,female,,,,,3.0
23,Bronn,/character/ch0241345/,Jerome Flynn,/name/nm0283492/,,,,,,https://images-na.ssl-images-amazon.com/images/M/MV5BMTY0MzI5MjY1OV5BMl5BanBnXkFtZTcwODM1ODg4OQ@@._V1._SX100_SY140_.jpg,https://images-na.ssl-images-amazon.com/images/M/MV5BMTY0MzI5MjY1OV5BMl5BanBnXkFtZTcwODM1ODg4OQ@@._V1_.jpg,,"['Vardis Egen', 'Matthos Seaworth', 'Lead Dornish Guard']",,,['Lollys Stokeworth'],,,,,,,,,,male,,,,,3.0
24,Brother Ray,/character/ch0541878/,Ian McShane,/name/nm0574534/,,,,,['Lem Lemoncloak'],https://images-na.ssl-images-amazon.com/images/M/MV5BMTAwNjU5MTY3NzleQTJeQWpwZ15BbWU4MDIwODkwMTkx._V1._SX100_SY140_.jpg,"https://images-na.ssl-images-amazon.com/images/M/MV5BMTAwNjU5MTY3NzleQTJeQWpwZ15BbWU4MDIwODkwMTkx._V1_SY1000_CR0,0,1502,1000_AL_.jpg",,,,,,,,,,,,,,,male,,,,,
25,Brynden Tully,/character/ch0381563/,Clive Russell,/name/nm0751085/,Tully,,,['Hoster Tully'],,https://images-na.ssl-images-amazon.com/images/M/MV5BOTg5ZDIwOWUtMjQ1OS00YjgxLThmMDgtOWUwZjQ4MzE3ZDhlXkEyXkFqcGdeQXVyMjk3NTUyOTc@._V1._SX100_SY140_.jpg,https://images-na.ssl-images-amazon.com/images/M/MV5BOTg5ZDIwOWUtMjQ1OS00YjgxLThmMDgtOWUwZjQ4MzE3ZDhlXkEyXkFqcGdeQXVyMjk3NTUyOTc@._V1_.jpg,Blackfish,,,,,,,,,,,,,,male,,,,,
26,Catelyn Stark,/character/ch0145135/,Michelle Fairley,/name/nm0265610/,"['Stark', 'Tully']",,['Hoster Tully'],"['Lysa Arryn', 'Edmure Tully']",['Black Walder Rivers'],https://images-na.ssl-images-amazon.com/images/M/MV5BMTY2ODc4MTkxMV5BMl5BanBnXkFtZTcwNjM3MTg4OQ@@._V1._SX100_SY140_.jpg,"https://images-na.ssl-images-amazon.com/images/M/MV5BMTY2ODc4MTkxMV5BMl5BanBnXkFtZTcwNjM3MTg4OQ@@._V1_SY1000_CR0,0,915,1000_AL_.jpg",,['Joyeuse Erenford'],,"['Robb Stark', 'Sansa Stark', 'Arya Stark', 'Bran Stark', 'Rickon Stark']","['Eddard Stark', 'Brandon Stark']",,,,,,,,,,female,,5.0,5.0,,1.0
27,Catspaw Assassin,/character/ch0305046/,Lalor Roddy,/name/nm0734498/,,,,,['Summer'],,,,,,,,,,,,,,,,,male,,,,,
28,Cersei Lannister,/character/ch0159526/,Lena Headey,/name/nm0372176/,"['Lannister', 'Baratheon']",True,['Tywin Lannister'],"['Jaime Lannister', 'Tyrion Lannister']",['Roof collapse'],"https://images-na.ssl-images-amazon.com/images/M/MV5BMTgzNTAxNjExMl5BMl5BanBnXkFtZTcwMDEwNzI4OQ@@._V1._CR954,56,605,670._SX100_SY140_.jpg","https://images-na.ssl-images-amazon.com/images/M/MV5BMTgzNTAxNjExMl5BMl5BanBnXkFtZTcwMDEwNzI4OQ@@._V1._CR954,56,605,670_.jpg",,"['Lancel Lannister', 'High Sparrow', 'Loras Tyrell', 'Mace Tyrell', 'Margaery Tyrell', 'Kevan Lannister', 'Tyene Sand']",,"['Joffrey Baratheon', 'Myrcella Baratheon', 'Tommen Baratheon']",['Robert Baratheon'],,,,,,,,,,female,,3.0,3.0,,7.0
29,Craster,/character/ch0300218/,Robert Pugh,/name/nm0700059/,,,,,['Karl Tanner'],https://images-na.ssl-images-amazon.com/images/M/MV5BMzZiNjZiMGItNTQ2Yi00MGU3LWFjMTktNzlmNDFlYzA3MjY3XkEyXkFqcGdeQXVyMjk3NTUyOTc@._V1._SX100_SY140_.jpg,https://images-na.ssl-images-amazon.com/images/M/MV5BMzZiNjZiMGItNTQ2Yi00MGU3LWFjMTktNzlmNDFlYzA3MjY3XkEyXkFqcGdeQXVyMjk3NTUyOTc@._V1_.jpg,,,,,,,,,,,,,,,male,,,,,
30,Daario Naharis,/character/ch0335040/,,,,,,,,https://images-na.ssl-images-amazon.com/images/M/MV5BY2ExMDJmNzMtMDVmZi00MDNlLWI1NzYtOTkxOTdlOWU4YzE4XkEyXkFqcGdeQXVyNTcxMzMwNTA@._V1._SX100_SY140_.jpg,"https://images-na.ssl-images-amazon.com/images/M/MV5BY2ExMDJmNzMtMDVmZi00MDNlLWI1NzYtOTkxOTdlOWU4YzE4XkEyXkFqcGdeQXVyNTcxMzMwNTA@._V1_SY1000_CR0,0,665,1000_AL_.jpg",,"['Mero', 'Prendahl na Ghezn', 'Oznak zo Pahl', 'Mossador', 'Iggo', 'Akho']",,,,['Daenerys Targaryen'],,,"[{'actorName': 'Ed Skrein', 'actorLink': '/name/nm4534098/', 'seasonsActive': [3]}, {'actorName': 'Michiel Huisman', 'actorLink': '/name/nm0401264/', 'seasonsActive': [4, 5, 6]}]",,,,,,male,,,,,6.0
31,Daenerys Targaryen,/character/ch0158597/,Emilia Clarke,/name/nm3592338/,Targaryen,True,"['Aerys II Targaryen', 'Rhaella Targaryen']","['Rhaegar Targaryen', 'Viserys Targaryen']",['Jon Snow'],https://images-na.ssl-images-amazon.com/images/M/MV5BMjA4MzIxMTQwMF5BMl5BanBnXkFtZTcwMzY2NDg1Nw@@._V1._SX100_SY140_.jpg,"https://images-na.ssl-images-amazon.com/images/M/MV5BMjA4MzIxMTQwMF5BMl5BanBnXkFtZTcwMzY2NDg1Nw@@._V1_SY1000_CR0,0,810,1000_AL_.jpghttps://images-na.ssl-images-amazon.com/images/M/MV5BMTgwNzIxMTU1OV5BMl5BanBnXkFtZTcwNzI2ODg5NA@@._V1._SX100_SY140_.jpg",,"['Khal Drogo', 'Mirri Maz Duur', 'Doreah', 'Xaro Xhoan Daxos', 'Khal Rhalko', 'Khal Brozho', 'Khal Qorro', 'Khal Forzho', 'Khal Moro', 'Dothraki Bloodrider #1', 'Dothraki Bloodrider #2', 'Randyll Tarly', 'Dickon Tarly', 'Eleanor', ""Eleanor's Daughter"", 'Lord Varys']","['Barristan Selmy', 'Daario Naharis', 'Grey Worm', 'Jorah Mormont', 'Missandei', 'Tyrion Lannister']",['Rhaego'],['Khal Drogo'],,,"['Drogon', 'Rhaegal', 'Viserion']",,,,,,,female,,1.0,1.0,,16.0
32,Davos Seaworth,/character/ch0255396/,Liam Cunningham,/name/nm0192377/,,,,,,https://images-na.ssl-images-amazon.com/images/M/MV5BNTMwODc0NzI4Ml5BMl5BanBnXkFtZTcwNzY3NDk4OQ@@._V1._SX100_SY140_.jpg,https://images-na.ssl-images-amazon.com/images/M/MV5BNTMwODc0NzI4Ml5BMl5BanBnXkFtZTcwNzY3NDk4OQ@@._V1_.jpg,,,,['Matthos Seaworth'],,"['Stannis Baratheon', 'Jon Snow']",,,,,,,,,male,,1.0,1.0,,
33,Dickon Tarly,/character/ch0541363/,,,,,"['Randyll Tarly', 'Melessa Tarly']","['Samwell Tarly', 'Talla Tarly']",['Daenerys Targaryen'],https://images-na.ssl-images-amazon.com/images/M/MV5BNzk1YjNlZGQtNTU0MC00OGZmLThhYTQtZDM1ZjI2OGNlZGQxXkEyXkFqcGdeQXVyMjk3NTUyOTc@._V1._SX100_SY140_.jpg,https://images-na.ssl-images-amazon.com/images/M/MV5BNzk1YjNlZGQtNTU0MC00OGZmLThhYTQtZDM1ZjI2OGNlZGQxXkEyXkFqcGdeQXVyMjk3NTUyOTc@._V1_.jpg,,,,,,,,,"[{'actorName': 'Freddie Stroma', 'actorLink': '/name/nm2238815/', 'seasonsActive': [6]}, {'actorName': 'Tom Hopper', 'actorLink': '/name/nm2584392/', 'seasonsActive': [7]}]",,,,,,male,,,,,
34,Dongo the Giant,/character/ch0510932/,Ian Whyte,/name/nm1613839/,,,,,"[""Night's Watchman""]",https://images-na.ssl-images-amazon.com/images/M/MV5BNTRjNGYxNWItYmRhNS00MDY3LWFmZTItMzYzNTEwMjg3YTA1XkEyXkFqcGdeQXVyNDUzOTQ5MjY@._V1._SX100_SY140_.jpg,https://images-na.ssl-images-amazon.com/images/M/MV5BNTRjNGYxNWItYmRhNS00MDY3LWFmZTItMzYzNTEwMjg3YTA1XkEyXkFqcGdeQXVyNDUzOTQ5MjY@._V1_.jpg,,,,,,,,,,,,,,,male,,,,,
35,Dontos Hollard,/character/ch0305031/,Tony Way,/name/nm0915453/,,,,,['Petyr Baelish'],https://images-na.ssl-images-amazon.com/images/M/MV5BNzUzYzg5NGUtOWE5Zi00Y2MwLTg2YzQtMDZlOWE1NDZjZmFkXkEyXkFqcGdeQXVyMjk3NTUyOTc@._V1._SX100_SY140_.jpg,https://images-na.ssl-images-amazon.com/images/M/MV5BNzUzYzg5NGUtOWE5Zi00Y2MwLTg2YzQtMDZlOWE1NDZjZmFkXkEyXkFqcGdeQXVyMjk3NTUyOTc@._V1_.jpg,,,,,,,,,,,,,,,male,,,,,
36,Doran Martell,/character/ch0468006/,Alexander Siddig,/name/nm0796502/,Martell,,,"['Elia Martell', 'Oberyn Martell']",['Ellaria Sand'],https://images-na.ssl-images-amazon.com/images/M/MV5BZWU5NzJkNWMtYTM4MS00YmE2LWExYmItNDNiOTE3YzI5YzAxXkEyXkFqcGdeQXVyNDUzOTQ5MjY@._V1._SX100_SY140_.jpg,"https://images-na.ssl-images-amazon.com/images/M/MV5BZWU5NzJkNWMtYTM4MS00YmE2LWExYmItNDNiOTE3YzI5YzAxXkEyXkFqcGdeQXVyNDUzOTQ5MjY@._V1_SY1000_CR0,0,913,1000_AL_.jpg",,,,['Trystane Martell'],,,,,,,,,,,male,,1.0,1.0,,
37,Doreah,/character/ch0248504/,Roxanne McKee,/name/nm1861467/,,,,,['Daenerys Targaryen'],https://images-na.ssl-images-amazon.com/images/M/MV5BMjEzNWJmNzYtZjFhYy00NmI5LWFkOWUtOWQ0ZjUzZDYwYjM1XkEyXkFqcGdeQXVyMjk3NTUyOTc@._V1._SX100_SY140_.jpg,https://images-na.ssl-images-amazon.com/images/M/MV5BMjEzNWJmNzYtZjFhYy00NmI5LWFkOWUtOWQ0ZjUzZDYwYjM1XkEyXkFqcGdeQXVyMjk3NTUyOTc@._V1_.jpg,,['Irri'],,,,,,,,,,,,,female,,,,,1.0
38,Drennan,/character/ch0305030/,David Coakley,/name/nm2231505/,,,,,['Osha'],,,,,,,,,,,,,,,,,male,,,,,
39,Drogon,,,,Targaryen,,,"['Rhaegal', 'Viserion']",,,,,"['Pyat Pree', 'Kraznys mo Nakloz', 'Zalla']",,,,,,,,['Daenerys Targaryen'],,,,,male,Dragon,,,,3.0
40,Eddard Stark,/character/ch0154681/,Sean Bean,/name/nm0000293/,Stark,,['Rickard Stark'],"['Brandon Stark', 'Benjen Stark', 'Lyanna Stark']",['Ilyn Payne'],https://images-na.ssl-images-amazon.com/images/M/MV5BODcwMjg0MDQ5MF5BMl5BanBnXkFtZTcwMTk2NDk4OQ@@._V1._SX100_SY140_.jpg,"https://images-na.ssl-images-amazon.com/images/M/MV5BODcwMjg0MDQ5MF5BMl5BanBnXkFtZTcwMTk2NDk4OQ@@._V1_SY1000_CR0,0,827,1000_AL_.jpg",Ned,"['Arthur Dayne', 'Will', 'Lady', 'Gerold Hightower']",,"['Robb Stark', 'Sansa Stark', 'Arya Stark', 'Bran Stark', 'Rickon Stark']",['Catelyn Stark'],,,['Jon Arryn'],,['Jon Snow'],"['Howland Reed', 'Robert Baratheon']",,,,male,,5.0,5.0,2.0,4.0
41,Eddison Tollett,/character/ch0305008/,Ben Crompton,/name/nm0174005/,,,,,['Wight'],https://images-na.ssl-images-amazon.com/images/M/MV5BMTY1MjQ4ODAwNV5BMl5BanBnXkFtZTcwMTc5NDk4OQ@@._V1._SX100_SY140_.jpg,https://images-na.ssl-images-amazon.com/images/M/MV5BMTY1MjQ4ODAwNV5BMl5BanBnXkFtZTcwMTc5NDk4OQ@@._V1_.jpg,,,,,,,,,,,,,,,male,,,,,
42,Edmure Tully,/character/ch0316931/,Tobias Menzies,/name/nm0580014/,Tully,,,"['Catelyn Stark', 'Lysa Arryn']",,https://images-na.ssl-images-amazon.com/images/M/MV5BYjEzNThlMmQtMDgzYi00MTQ5LTllMzQtNDZjY2JiMTVhNmNkXkEyXkFqcGdeQXVyMjk3NTUyOTc@._V1._SX100_SY140_.jpg,https://images-na.ssl-images-amazon.com/images/M/MV5BYjEzNThlMmQtMDgzYi00MTQ5LTllMzQtNDZjY2JiMTVhNmNkXkEyXkFqcGdeQXVyMjk3NTUyOTc@._V1_.jpg,,,,,['Roslin Frey'],,,,,,,,,,male,,,,,
43,Ellaria Sand,/character/ch0309687/,Indira Varma,/name/nm0890055/,Martell,,,,,https://images-na.ssl-images-amazon.com/images/M/MV5BNWQ0ZDE5NDUtNDVmZi00ZTI5LTkyOTgtNDhiNjMwZjY3ZjgwXkEyXkFqcGdeQXVyMjk3NTUyOTc@._V1._SX100_SY140_.jpg,https://images-na.ssl-images-amazon.com/images/M/MV5BNWQ0ZDE5NDUtNDVmZi00ZTI5LTkyOTgtNDhiNjMwZjY3ZjgwXkEyXkFqcGdeQXVyMjk3NTUyOTc@._V1_.jpg,,"['Myrcella Baratheon', 'Doran Martell']",,['Tyene Sand'],['Oberyn Martell'],,,,,,,,,,female,,1.0,1.0,,2.0
44,Elia Martell,,,,Martell,True,,"['Doran Martell', 'Oberyn Martell']",['Gregor Clegane'],,,,,,"['Rhaenys Targaryen', 'Aegon Targaryen']",['Rhaegar Targaryen'],,,,,,,,,,,,2.0,2.0,,
45,Euron Greyjoy,/character/ch0518715/,Pilou Asbæk,/name/nm1561982/,Greyjoy,,,"['Balon Greyjoy', 'Aeron Greyjoy']",['Jaime Lannister'],https://images-na.ssl-images-amazon.com/images/M/MV5BNzg1MTJhMjMtMmY4Yy00NTU2LTliZWUtNjM4YzAxY2M3ZDBkXkEyXkFqcGdeQXVyMjk3NTUyOTc@._V1._SX100_SY140_.jpg,https://images-na.ssl-images-amazon.com/images/M/MV5BNzg1MTJhMjMtMmY4Yy00NTU2LTliZWUtNjM4YzAxY2M3ZDBkXkEyXkFqcGdeQXVyMjk3NTUyOTc@._V1_.jpg,,"['Balon Greyjoy', 'Obara Sand', 'Nymeria Sand', 'Rhaegal']",,,,,,,,,,,,,male,,,,,4.0
46,Gared,/character/ch0171395/,Dermot Keaney,/name/nm0443825/,,,,,['White Walker'],https://images-na.ssl-images-amazon.com/images/M/MV5BNGYxZjljZTctZjIxYy00YmUwLTk3MDgtZWIyZjhkNDgwYTZiXkEyXkFqcGdeQXVyMjk3NTUyOTc@._V1._SX100_SY140_.jpg,https://images-na.ssl-images-amazon.com/images/M/MV5BNGYxZjljZTctZjIxYy00YmUwLTk3MDgtZWIyZjhkNDgwYTZiXkEyXkFqcGdeQXVyMjk3NTUyOTc@._V1_.jpg,,,,,,,,,,,,,,,male,,,,,
47,Gatins,/character/ch0523969/,Ricky Champ,/name/nm2307468/,,,,,['Sandor Clegane'],https://images-na.ssl-images-amazon.com/images/M/MV5BNzIwZmJkNDktZWMwMC00ZGNlLWJkNWYtN2ZmOWEzNDFiNWMyXkEyXkFqcGdeQXVyMjk3NTUyOTc@._V1._SX100_SY140_.jpg,"https://images-na.ssl-images-amazon.com/images/M/MV5BNzIwZmJkNDktZWMwMC00ZGNlLWJkNWYtN2ZmOWEzNDFiNWMyXkEyXkFqcGdeQXVyMjk3NTUyOTc@._V1_SX1777_CR0,0,1777,999_AL_.jpg",,,,,,,,,,,,,,,male,,,,,
48,Gendry,/character/ch0300040/,Joe Dempsie,/name/nm1478079/,Baratheon,,['Robert Baratheon'],,,https://images-na.ssl-images-amazon.com/images/M/MV5BMTcxNzYwMTk4MV5BMl5BanBnXkFtZTcwNDg1ODg4OQ@@._V1._SX100_SY140_.jpg,"https://images-na.ssl-images-amazon.com/images/M/MV5BMTcxNzYwMTk4MV5BMl5BanBnXkFtZTcwNDg1ODg4OQ@@._V1_SY1000_CR0,0,846,1000_AL_.jpg",,"['Kevin Eldon', 'Laurence Spellman']",,,,,,,,,,,,,male,,,,,2.0
49,Gerold Hightower,/character/ch0540530/,Eddie Eyre,/name/nm6793798/,,,,,['Eddard Stark'],https://images-na.ssl-images-amazon.com/images/M/MV5BODc3OTIzYmEtYjk2Yy00NTgwLTk4OWMtMjlmMmJmNDE5OGU2XkEyXkFqcGdeQXVyNjU5MTM2ODI@._V1._SX100_SY140_.jpg,https://images-na.ssl-images-amazon.com/images/M/MV5BODc3OTIzYmEtYjk2Yy00NTgwLTk4OWMtMjlmMmJmNDE5OGU2XkEyXkFqcGdeQXVyNjU5MTM2ODI@._V1_.jpg,,,,,,,,,,,,,,,male,,,,,
50,Ghost,,,,Stark,,,"['Grey Wind', 'Lady', 'Nymeria', 'Summer', 'Shaggydog']",,,,,['Rast'],,,,,,,,['Jon Snow'],,,,,male,Direwolf,,,,1.0
51,Gilly,/character/ch0306819/,Hannah Murray,/name/nm2356940/,,,['Craster'],,,https://images-na.ssl-images-amazon.com/images/M/MV5BMTYzOTQxMTA3MF5BMl5BanBnXkFtZTcwODM5NDk4OQ@@._V1._SX100_SY140_.jpg,"https://images-na.ssl-images-amazon.com/images/M/MV5BMTYzOTQxMTA3MF5BMl5BanBnXkFtZTcwODM5NDk4OQ@@._V1_SY1000_CR0,0,760,1000_AL_.jpg",,,,['Baby Sam'],['Samwell Tarly'],,,,,,,,,,female,,1.0,1.0,,
52,Grand Maester Pycelle,/character/ch0232836/,Julian Glover,/name/nm0002103/,,,,,['Little Birds'],https://images-na.ssl-images-amazon.com/images/M/MV5BMjEyNDA4MzQ3MF5BMl5BanBnXkFtZTcwNTM3ODg4OQ@@._V1._SX100_SY140_.jpg,https://images-na.ssl-images-amazon.com/images/M/MV5BMjEyNDA4MzQ3MF5BMl5BanBnXkFtZTcwNTM3ODg4OQ@@._V1_.jpg,,,,,,,,,,,,,,,male,,,,,
53,Greatjon Umber,/character/ch0305010/,Clive Mantle,/name/nm0544139/,,,,,,https://images-na.ssl-images-amazon.com/images/M/MV5BN2VjMTM4OTItMDUxMi00N2NiLThhMWMtNGNhMDQ4OGJhOWU0XkEyXkFqcGdeQXVyMjk3NTUyOTc@._V1._SX100_SY140_.jpg,https://images-na.ssl-images-amazon.com/images/M/MV5BN2VjMTM4OTItMDUxMi00N2NiLThhMWMtNGNhMDQ4OGJhOWU0XkEyXkFqcGdeQXVyMjk3NTUyOTc@._V1_.jpg,,,,['Smalljon Umber'],,,,,,,,,,,male,,1.0,1.0,,
54,Gregor Clegane,/character/ch0245401/,,,,,,,['Sandor Clegane'],https://images-na.ssl-images-amazon.com/images/M/MV5BMTU3OTg2MTM2MF5BMl5BanBnXkFtZTcwNDk1NzE5OQ@@._V1._SX100_SY140_.jpg,https://images-na.ssl-images-amazon.com/images/M/MV5BMTU3OTg2MTM2MF5BMl5BanBnXkFtZTcwNDk1NzE5OQ@@._V1_.jpg,The Mountain,"['Elia Martell', 'Rhaenys Targaryen', 'Aegon Targaryen', 'Hugh of the Vale', 'Oberyn Martell', ""King's Landing Boaster"", 'Faith Militant', 'Missandei', 'Qyburn']",,,,"['Tywin Lannister', 'Cersei Lannister']",,,"[{'actorName': 'Ian Whyte', 'actorLink': '/name/nm1613839/', 'seasonsActive': [2]}, {'actorName': 'Conan Stevens', 'actorLink': '/name/nm1947403/', 'seasonsActive': [1]}, {'actorName': 'Hafþór Júlíus Björnsson', 'actorLink': '/name/nm5491087/', 'seasonsActive': [4, 5, 6, 7, 8]}]",,,,,,male,,,,,9.0
55,Greizhen mo Ullhor,/character/ch0396531/,Cliff Barry,/name/nm0057965/,,,,,['Unsullied'],https://images-na.ssl-images-amazon.com/images/M/MV5BMmYwNjBkZDItZmQyNi00MjhiLWFhMjYtNzk3YWJmMzJhZTFkXkEyXkFqcGdeQXVyMjg2MTMyNTM@._V1._SX100_SY140_.jpg,https://images-na.ssl-images-amazon.com/images/M/MV5BMmYwNjBkZDItZmQyNi00MjhiLWFhMjYtNzk3YWJmMzJhZTFkXkEyXkFqcGdeQXVyMjg2MTMyNTM@._V1_SY1000_SX1500_AL_.jpg,,,,,,,,,,,,,,,male,,,,,
56,Grenn,/character/ch0251496/,Mark Stanley,/name/nm4440305/,,,,,['Mag the Mighty'],https://images-na.ssl-images-amazon.com/images/M/MV5BMzkzOTI0NjM3MV5BMl5BanBnXkFtZTcwMTY3ODg4OQ@@._V1._SX100_SY140_.jpg,https://images-na.ssl-images-amazon.com/images/M/MV5BMzkzOTI0NjM3MV5BMl5BanBnXkFtZTcwMTY3ODg4OQ@@._V1_.jpg,,['Mag the Mighty'],,,,,,,,,,,,,male,,,,,1.0
57,Grey Wind,,,,Stark,,,"['Lady', 'Nymeria', 'Summer', 'Shaggydog', 'Ghost']",['Frey Crossbowmen'],,,,['Rennick'],,,,,,,,['Robb Stark'],,,,,male,Direwolf,,,,1.0
58,Grey Worm,/character/ch0335038/,Jacob Anderson,/name/nm2760664/,,,,,,https://images-na.ssl-images-amazon.com/images/M/MV5BMjk3ZDJlNTQtZDBiMC00ODVhLTlmYmYtYzkxMDA0N2QxNDY0XkEyXkFqcGdeQXVyMjk3NTUyOTc@._V1._SX100_SY140_.jpg,https://images-na.ssl-images-amazon.com/images/M/MV5BMjk3ZDJlNTQtZDBiMC00ODVhLTlmYmYtYzkxMDA0N2QxNDY0XkEyXkFqcGdeQXVyMjk3NTUyOTc@._V1_.jpg,,"['Belicho Paenymion', 'Razdal mo Eraz', 'Harry Strickland']",,,,['Daenerys Targaryen'],,,,,,,,,male,,,,,3.0
59,Harald Karstark,/character/ch0542917/,Paul Rattray,/name/nm1051151/,,,['Rickard Karstark'],,,https://images-na.ssl-images-amazon.com/images/M/MV5BNTE4OTIwNWQtZjNkOC00MzhhLThhYzQtMmU1OTFiZGU3YzMzXkEyXkFqcGdeQXVyMjk3NTUyOTc@._V1._SX100_SY140_.jpg,https://images-na.ssl-images-amazon.com/images/M/MV5BNTE4OTIwNWQtZjNkOC00MzhhLThhYzQtMmU1OTFiZGU3YzMzXkEyXkFqcGdeQXVyMjk3NTUyOTc@._V1_.jpg,,,,['Alys Karstark'],,,,,,,,,,,male,,1.0,1.0,,
60,Harry Strickland,,Marc Rissmann,/name/nm4704928/,,,,,['Grey Worm'],https://images-na.ssl-images-amazon.com/images/M/MV5BZGVkZjRkMzUtMzgzYy00YzcyLThhZmMtNDMxMGNmNGRmNWQyXkEyXkFqcGdeQXVyNDgzNTg0OTA@._V1._SX100_SY140_.jpg,https://images-na.ssl-images-amazon.com/images/M/MV5BZGVkZjRkMzUtMzgzYy00YzcyLThhZmMtNDMxMGNmNGRmNWQyXkEyXkFqcGdeQXVyNDgzNTg0OTA@._V1_.jpg,,,,,,,,,,,,,,,male,,,,,
61,High Septon,/character/ch0508056/,David Verrey,/name/nm0894857/,,,,,['Kings Landing Rioters'],,,,,,,,,,,,,,,,,male,,,,,
62,High Sparrow,/character/ch0476559/,Jonathan Pryce,/name/nm0000596/,,,,,['Cersei Lannister'],https://images-na.ssl-images-amazon.com/images/M/MV5BMTcyOTk0MjExMF5BMl5BanBnXkFtZTgwODk5Njk5NzE@._V1._SX100_SY140_.jpg,"https://images-na.ssl-images-amazon.com/images/M/MV5BMTcyOTk0MjExMF5BMl5BanBnXkFtZTgwODk5Njk5NzE@._V1_SY1000_CR0,0,1504,1000_AL_.jpg",,,,,,,,,,,,,,,male,,,,,
63,Hizdahr zo Loraq,/character/ch0414458/,Joel Fry,/name/nm2181128/,,,,,['Sons of the Harpy'],https://images-na.ssl-images-amazon.com/images/M/MV5BNWQ4YjdmZjItYmExNi00YmNlLWJjZmYtNWEwMmEzNGFjYmFjXkEyXkFqcGdeQXVyMjk3NTUyOTc@._V1._SX100_SY140_.jpg,https://images-na.ssl-images-amazon.com/images/M/MV5BNWQ4YjdmZjItYmExNi00YmNlLWJjZmYtNWEwMmEzNGFjYmFjXkEyXkFqcGdeQXVyMjk3NTUyOTc@._V1_.jpg,,,,,,,,,,,,,,,male,,,,,
64,Hodor,/character/ch0238584/,Kristian Nairn,/name/nm3964231/,,,,,['Wights'],https://images-na.ssl-images-amazon.com/images/M/MV5BMjEzMzU4MDEyNF5BMl5BanBnXkFtZTcwNDM2ODg4OQ@@._V1._SX100_SY140_.jpg,https://images-na.ssl-images-amazon.com/images/M/MV5BMjEzMzU4MDEyNF5BMl5BanBnXkFtZTcwNDM2ODg4OQ@@._V1_.jpg,,['Locke'],,,,,,,,,,,,,male,,,,,1.0
65,Hoster Tully,/character/ch0540082/,Christopher Newman,/name/nm0628040/,Tully,,,,,https://images-na.ssl-images-amazon.com/images/M/MV5BNTY3YzMzOWUtNzNjYi00ODYzLThjNjUtNzc4NzFlNmE2NjgyXkEyXkFqcGdeQXVyMjk3NTUyOTc@._V1._SX100_SY140_.jpg,https://images-na.ssl-images-amazon.com/images/M/MV5BNTY3YzMzOWUtNzNjYi00ODYzLThjNjUtNzc4NzFlNmE2NjgyXkEyXkFqcGdeQXVyMjk3NTUyOTc@._V1_.jpg,,,,,,,,,,,,,,,male,,,,,
66,Howland Reed,/character/ch0543132/,Leo Woodruff,/name/nm4547262/,,,,,,https://images-na.ssl-images-amazon.com/images/M/MV5BOTdkNjRkMTAtZGMwOS00OTA4LWE5NzktNDIyOTNiOTM0ZjkxXkEyXkFqcGdeQXVyMjk3NTUyOTc@._V1._SX100_SY140_.jpg,https://images-na.ssl-images-amazon.com/images/M/MV5BOTdkNjRkMTAtZGMwOS00OTA4LWE5NzktNDIyOTNiOTM0ZjkxXkEyXkFqcGdeQXVyMjk3NTUyOTc@._V1_.jpg,,['Arthur Dayne'],,"['Jojen Reed', 'Meera Reed']",,,,,,,['Eddard Stark'],,,,male,,2.0,2.0,1.0,1.0
67,Hugh of the Vale,/character/ch0305026/,Jefferson Hall,/name/nm2131630/,,,,,['Gregor Clegane'],https://images-na.ssl-images-amazon.com/images/M/MV5BODRhNGQwNDgtNDEwNS00MWRlLWJmZTQtMTJlNjNmZTI1ZDk5XkEyXkFqcGdeQXVyMjk3NTUyOTc@._V1._SX100_SY140_.jpg,https://images-na.ssl-images-amazon.com/images/M/MV5BODRhNGQwNDgtNDEwNS00MWRlLWJmZTQtMTJlNjNmZTI1ZDk5XkEyXkFqcGdeQXVyMjk3NTUyOTc@._V1_.jpg,,,,,,,,,,,,,,,male,,,,,
68,Ilyn Payne,/character/ch0246254/,Wilko Johnson,/name/nm3330122/,,,,,,https://images-na.ssl-images-amazon.com/images/M/MV5BOGY5ZGE1OGUtODYwNS00OTVlLWE1MWItMzI5NDBmYWIwZTI4XkEyXkFqcGdeQXVyMjk3NTUyOTc@._V1._SX100_SY140_.jpg,https://images-na.ssl-images-amazon.com/images/M/MV5BOGY5ZGE1OGUtODYwNS00OTVlLWE1MWItMzI5NDBmYWIwZTI4XkEyXkFqcGdeQXVyMjk3NTUyOTc@._V1_.jpg,,['Eddard Stark'],,,,,,,,,,,,,male,,,,,1.0
69,Irri,/character/ch0249444/,Amrita Acharia,/name/nm3822505/,,,,,['Doreah'],https://images-na.ssl-images-amazon.com/images/M/MV5BY2Y0ZmNiMjItNzVmNi00MGEyLWFhMTUtZDZkYTBmZjFiZDY1XkEyXkFqcGdeQXVyMjk3NTUyOTc@._V1._SX100_SY140_.jpg,https://images-na.ssl-images-amazon.com/images/M/MV5BY2Y0ZmNiMjItNzVmNi00MGEyLWFhMTUtZDZkYTBmZjFiZDY1XkEyXkFqcGdeQXVyMjk3NTUyOTc@._V1_.jpg,,,,,,,,,,,,,,,female,,,,,
70,Jafer Flowers,,,,,,,,['White Walker'],,,,,,,,,,,,,,,,,male,,,,,
71,Jaime Lannister,/character/ch0158527/,Nikolaj Coster-Waldau,/name/nm0182666/,Lannister,,['Tywin Lannister'],"['Cersei Lannister', 'Tyrion Lannister']",['Roof collapse'],https://images-na.ssl-images-amazon.com/images/M/MV5BMjIzMzU1NjM1MF5BMl5BanBnXkFtZTcwMzIxODg4OQ@@._V1._SX100_SY140_.jpg,https://images-na.ssl-images-amazon.com/images/M/MV5BMjIzMzU1NjM1MF5BMl5BanBnXkFtZTcwMzIxODg4OQ@@._V1_.jpg,The Kingslayer,"['Aerys II Targaryen', 'Jory Cassel', 'Alton Lannister', 'Torrhen Karstark', 'Olenna Tyrell', 'Euron Greyjoy']",,"['Joffrey Baratheon', 'Myrcella Baratheon', 'Tommen Baratheon']",,,True,,,"['Aerys II Targaryen', 'Robert Baratheon', 'Joffrey Baratheon']",,,,,male,,3.0,3.0,,6.0
72,Janos Slynt,/character/ch0300651/,Dominic Carter,/name/nm0141582/,,,,,['Jon Snow'],https://images-na.ssl-images-amazon.com/images/M/MV5BYjNkNjI3ZGItZmJmMC00Y2E3LWE2M2ItYzkzMTdlMGM1ZGE2XkEyXkFqcGdeQXVyMjk3NTUyOTc@._V1._SX100_SY140_.jpg,https://images-na.ssl-images-amazon.com/images/M/MV5BYjNkNjI3ZGItZmJmMC00Y2E3LWE2M2ItYzkzMTdlMGM1ZGE2XkEyXkFqcGdeQXVyMjk3NTUyOTc@._V1_.jpg,,['Barra'],,,,,,,,,,,,,male,,,,,1.0
73,Jaqen H'ghar,/character/ch0259179/,Tom Wlaschiha,/name/nm0937239/,,,,,,https://images-na.ssl-images-amazon.com/images/M/MV5BMTA1MjI5MzYwNzNeQTJeQWpwZ15BbWU3MDkxNDcxOTk@._V1._SX100_SY140_.jpg,https://images-na.ssl-images-amazon.com/images/M/MV5BMTA1MjI5MzYwNzNeQTJeQWpwZ15BbWU3MDkxNDcxOTk@._V1_.jpg,,"['The Tickler', 'Amory Lorch', 'Despondent Man']",,,,,,,,,,,,,male,,,,,3.0
74,Jeor Mormont,/character/ch0251492/,James Cosmo,/name/nm0181920/,Mormont,,,,['Rast'],https://images-na.ssl-images-amazon.com/images/M/MV5BODAwODYyNzk0NV5BMl5BanBnXkFtZTcwNDI2NDk4OQ@@._V1._SX100_SY140_.jpg,https://images-na.ssl-images-amazon.com/images/M/MV5BODAwODYyNzk0NV5BMl5BanBnXkFtZTcwNDI2NDk4OQ@@._V1_.jpg,,,,['Jorah Mormont'],,,,,,,,,,,male,,1.0,1.0,,
75,Joffrey Baratheon,/character/ch0156278/,Jack Gleeson,/name/nm0322416/,Baratheon,True,"['Robert Baratheon', 'Cersei Lannister', 'Jaime Lannister']","['Myrcella Baratheon', 'Tommen Baratheon']","['Petyr Baelish', 'Olenna Tyrell']",https://images-na.ssl-images-amazon.com/images/M/MV5BMTk1NDg5MTAwMl5BMl5BanBnXkFtZTcwOTIwODg4OQ@@._V1._SX100_SY140_.jpg,"https://images-na.ssl-images-amazon.com/images/M/MV5BMTk1NDg5MTAwMl5BMl5BanBnXkFtZTcwOTIwODg4OQ@@._V1_SY1000_CR0,0,818,1000_AL_.jpg",,['Ros'],,,"['Sansa Stark', 'Margaery Tyrell']",,,,,,,,,,male,,,,,1.0
76,Jojen Reed,/character/ch0316921/,Thomas Brodie-Sangster,/name/nm1032473/,,,['Howland Reed'],['Meera Reed'],['Meera Reed'],https://images-na.ssl-images-amazon.com/images/M/MV5BMTg0OTU4MTk4M15BMl5BanBnXkFtZTcwMTE4MTE5OQ@@._V1._SX100_SY140_.jpg,https://images-na.ssl-images-amazon.com/images/M/MV5BMTg0OTU4MTk4M15BMl5BanBnXkFtZTcwMTE4MTE5OQ@@._V1_.jpg,,,,,,,,,,,,,,,male,,,,,
77,Jon Arryn,/character/ch0251737/,John Standing,/name/nm0822062/,,,,,['Lysa Arryn'],https://images-na.ssl-images-amazon.com/images/M/MV5BYmJiMzVjYzEtODA2ZC00NTkwLWI1ZDEtNDUxM2Y1NzcxZjU0XkEyXkFqcGdeQXVyNDUzOTQ5MjY@._V1._SX100_SY140_.jpg,https://images-na.ssl-images-amazon.com/images/M/MV5BYmJiMzVjYzEtODA2ZC00NTkwLWI1ZDEtNDUxM2Y1NzcxZjU0XkEyXkFqcGdeQXVyNDUzOTQ5MjY@._V1_.jpg,,,,,,,,,,"['Eddard Stark', 'Robert Baratheon']",['Robert Baratheon'],,,,male,,,,1.0,
78,Jon Snow,/character/ch0155777/,Kit Harington,/name/nm3229685/,"['Stark', 'Targaryen']",True,"['Rhaegar Targaryen', 'Lyanna Stark']",,"['Alliser Thorne', 'Othell Yarwyck', 'Bowen Marsh', 'Olly']",https://images-na.ssl-images-amazon.com/images/M/MV5BMTkwMjUxMDk2OV5BMl5BanBnXkFtZTcwMzg3MTg4OQ@@._V1._SX100_SY140_.jpg,https://images-na.ssl-images-amazon.com/images/M/MV5BMTkwMjUxMDk2OV5BMl5BanBnXkFtZTcwMzg3MTg4OQ@@._V1_.jpg,,"['Othor', 'Qhorin Halfhand', 'Orell', 'Karl Tanner', 'Styr', 'Mance Rayder', 'Janos Slynt', 'White Walker', 'Alliser Thorne', 'Othell Yarwyck', 'Bowen Marsh', 'Olly', 'Lyanna Stark', 'Daenerys Targaryen']",,,['Ygritte'],,,"['Eddard Stark', 'Ghost']",,,,,,,male,,,,,14.0
79,Jorah Mormont,/character/ch0158221/,Iain Glen,/name/nm0322513/,Mormont,,['Jeor Mormont'],,['Wights'],"https://images-na.ssl-images-amazon.com/images/M/MV5BMTkzNTcxMDI2NV5BMl5BanBnXkFtZTcwMzgxNzI4OQ@@._V1._CR225,437,407,405._SX100_SY140_.jpg","https://images-na.ssl-images-amazon.com/images/M/MV5BMTkzNTcxMDI2NV5BMl5BanBnXkFtZTcwMzgxNzI4OQ@@._V1._CR225,437,407,405_.jpg",,"['Qotho', 'Norvoshi Pit Fighter', 'Meereenese Champion']",,,,['Daenerys Targaryen'],,,,,,,,,male,,,,,3.0
80,Jory Cassel,/character/ch0245400/,Jamie Sives,/name/nm0803397/,,,,,['Jaime Lannister'],https://images-na.ssl-images-amazon.com/images/M/MV5BZTg3OGE5MDktNmYxOS00YmFiLWFjMDYtMTBkMjlhYWJhZjYzXkEyXkFqcGdeQXVyMjk3NTUyOTc@._V1._SX100_SY140_.jpg,https://images-na.ssl-images-amazon.com/images/M/MV5BZTg3OGE5MDktNmYxOS00YmFiLWFjMDYtMTBkMjlhYWJhZjYzXkEyXkFqcGdeQXVyMjk3NTUyOTc@._V1_.jpg,,,,,,['Eddard Stark'],,,,,,,,,male,,,,,
81,Joyeuse Erenford,/character/ch0304494/,Kelly Long,/name/nm4958677/,,,,,['Catelyn Stark'],https://images-na.ssl-images-amazon.com/images/M/MV5BMjA4MTU5NDQzM15BMl5BanBnXkFtZTcwNjQxNDM2OQ@@._V1._SX100_SY140_.jpg,"https://images-na.ssl-images-amazon.com/images/M/MV5BMjA4MTU5NDQzM15BMl5BanBnXkFtZTcwNjQxNDM2OQ@@._V1_SY1000_CR0,0,1503,1000_AL_.jpg",,,,,['Walder Frey'],,,,,,,,,,female,,,,,
82,Karl Tanner,/character/ch0396528/,Burn Gorman,/name/nm1218607/,,,,,['Jon Snow'],https://images-na.ssl-images-amazon.com/images/M/MV5BNDEwZGVlODEtM2VhNC00ZjJmLTlmMjAtNzBlNTdmOTcwZGY2XkEyXkFqcGdeQXVyMjk3NTUyOTc@._V1._SX100_SY140_.jpg,https://images-na.ssl-images-amazon.com/images/M/MV5BNDEwZGVlODEtM2VhNC00ZjJmLTlmMjAtNzBlNTdmOTcwZGY2XkEyXkFqcGdeQXVyMjk3NTUyOTc@._V1_.jpg,,['Craster'],,,,,,,,,,,,,male,,,,,1.0
83,Karsi,/character/ch0512707/,Birgitte Hjort Sørensen,/name/nm2171898/,,,,,['Pack of Wights'],https://images-na.ssl-images-amazon.com/images/M/MV5BMjcxZWVjZTMtZTBhOS00ZjM5LTkxOTctNzdkMmU2ZTIzYzU5XkEyXkFqcGdeQXVyMjk3NTUyOTc@._V1._SX100_SY140_.jpg,https://images-na.ssl-images-amazon.com/images/M/MV5BMjcxZWVjZTMtZTBhOS00ZjM5LTkxOTctNzdkMmU2ZTIzYzU5XkEyXkFqcGdeQXVyMjk3NTUyOTc@._V1_.jpg,,,,"['Johnna', 'Willa']",,,,,,,,,,,female,,2.0,2.0,,
84,Kegs,/character/ch0305327/,Tim Landers,/name/nm2461009/,,,,,['Wildling'],,,,,,,,,,,,,,,,,male,,,,,
85,Kevan Lannister,/character/ch0305013/,Ian Gelder,/name/nm0312245/,Lannister,,,['Tywin Lannister'],['Cersei Lannister'],https://images-na.ssl-images-amazon.com/images/M/MV5BMjZkMzliOWYtODIwNS00ZTU2LWIxNTAtYjFlNTA1YjdhNzc4XkEyXkFqcGdeQXVyMjk3NTUyOTc@._V1._SX100_SY140_.jpg,https://images-na.ssl-images-amazon.com/images/M/MV5BMjZkMzliOWYtODIwNS00ZTU2LWIxNTAtYjFlNTA1YjdhNzc4XkEyXkFqcGdeQXVyMjk3NTUyOTc@._V1_.jpg,,,,"['Lancel Lannister', 'Martyn Lannister', 'Willem Lannister']",,,,,,,,,,,male,,3.0,3.0,,
86,Khal Drogo,/character/ch0171388/,Jason Momoa,/name/nm0597388/,,,,,['Daenerys Targaryen'],https://images-na.ssl-images-amazon.com/images/M/MV5BMTQzMTE2MjczM15BMl5BanBnXkFtZTcwMDA5NDk4OQ@@._V1._SX100_SY140_.jpg,https://images-na.ssl-images-amazon.com/images/M/MV5BMTQzMTE2MjczM15BMl5BanBnXkFtZTcwMDA5NDk4OQ@@._V1_.jpg,,"['Viserys Targaryen', 'Mago']",,['Rhaego'],['Daenerys Targaryen'],,,,,,,,,,male,,1.0,1.0,,2.0
87,Khal Moro,/character/ch0538748/,Joseph Naufahu,/name/nm0622533/,,,,,['Daenerys Targaryen'],https://images-na.ssl-images-amazon.com/images/M/MV5BN2ZkODIwY2MtNzViYS00NDEwLWE2ZjItZDFiMzg1MWVjMzQwXkEyXkFqcGdeQXVyMjk3NTUyOTc@._V1._SX100_SY140_.jpg,https://images-na.ssl-images-amazon.com/images/M/MV5BN2ZkODIwY2MtNzViYS00NDEwLWE2ZjItZDFiMzg1MWVjMzQwXkEyXkFqcGdeQXVyMjk3NTUyOTc@._V1_.jpg,,,,,,,,,,,,,,,male,,,,,
88,Khal Rhalko,/character/ch0535371/,Andrei Claude,/name/nm3040811/,,,,,['Daenerys Targaryen'],https://images-na.ssl-images-amazon.com/images/M/MV5BYTFkMWRiMDItN2Q2Ny00N2VlLWIxMzYtZDMwODkwNDE4ZTYyXkEyXkFqcGdeQXVyMTk0NzA0Njg@._V1._SX100_SY140_.jpg,https://images-na.ssl-images-amazon.com/images/M/MV5BYTFkMWRiMDItN2Q2Ny00N2VlLWIxMzYtZDMwODkwNDE4ZTYyXkEyXkFqcGdeQXVyMTk0NzA0Njg@._V1_.jpg,,,,,,,,,,,,,,,male,,,,,
89,Kitty Frey,/character/ch0576869/,Lucy Hayes,/name/nm8314450/,Frey,,,,,,,,,,,['Walder Frey'],,,,,,,,,,female,,,,,
90,Kraznys mo Nakloz,/character/ch0339503/,Dan Hildebrand,/name/nm0383835/,,,,,['Drogon'],https://images-na.ssl-images-amazon.com/images/M/MV5BMWIzZGY0NWUtMmM1OC00NDYzLTkxMjYtM2I1MGM5MTkzODMwXkEyXkFqcGdeQXVyMjk3NTUyOTc@._V1._SX100_SY140_.jpg,https://images-na.ssl-images-amazon.com/images/M/MV5BMWIzZGY0NWUtMmM1OC00NDYzLTkxMjYtM2I1MGM5MTkzODMwXkEyXkFqcGdeQXVyMjk3NTUyOTc@._V1_.jpg,,,,,,,,,,,,,,,male,,,,,
91,Kurleket,/character/ch0305315/,Kevin Keenan,/name/nm4450657/,,,,,['Mountain Clansman'],https://images-na.ssl-images-amazon.com/images/M/MV5BMmY3NWI0YTItNWFkZi00MTVlLWIyNDQtN2MwYjY0ZjhhOTdlXkEyXkFqcGdeQXVyMjk3NTUyOTc@._V1._SX100_SY140_.jpg,https://images-na.ssl-images-amazon.com/images/M/MV5BMmY3NWI0YTItNWFkZi00MTVlLWIyNDQtN2MwYjY0ZjhhOTdlXkEyXkFqcGdeQXVyMjk3NTUyOTc@._V1_.jpg,,,,,,,,,,,,,,,,,,,,
92,Lady,,,,Stark,,,"['Grey Wind', 'Nymeria', 'Summer', 'Shaggydog', 'Ghost']",['Eddard Stark'],,,,,,,,,,,,['Sansa Stark'],,,,,female,Direwolf,,,,
93,Lady Crane,/character/ch0541190/,Essie Davis,/name/nm0204583/,,,,,['The Waif'],https://images-na.ssl-images-amazon.com/images/M/MV5BZTUyOTFlNjgtYzJjYS00MDY5LWJhMDQtYTJiZThjOTlmNTg3XkEyXkFqcGdeQXVyMjk3NTUyOTc@._V1._SX100_SY140_.jpg,https://images-na.ssl-images-amazon.com/images/M/MV5BZTUyOTFlNjgtYzJjYS00MDY5LWJhMDQtYTJiZThjOTlmNTg3XkEyXkFqcGdeQXVyMjk3NTUyOTc@._V1_.jpg,,,,,,,,,,,,,,,female,,,,,
94,Lancel Lannister,/character/ch0376927/,Eugene Simon,/name/nm1638294/,Lannister,,['Kevan Lannister'],"['Martyn Lannister', 'Willem Lannister']",['Cersei Lannister'],https://images-na.ssl-images-amazon.com/images/M/MV5BMjI0MTQ5MzEzNV5BMl5BanBnXkFtZTgwNTQ4MDA2NTE@._V1._SX100_SY140_.jpg,"https://images-na.ssl-images-amazon.com/images/M/MV5BMjI0MTQ5MzEzNV5BMl5BanBnXkFtZTgwNTQ4MDA2NTE@._V1_SY1000_CR0,0,1503,1000_AL_.jpg",,,,,,,,,,,,,,,male,,,,,
95,Lead Dornish Guard,/character/ch0539716/,Christian Vit,/name/nm5908524/,,,,,['Bronn'],https://images-na.ssl-images-amazon.com/images/M/MV5BMTYwMzM5ODM3OV5BMl5BanBnXkFtZTgwMjU1ODg2NTE@._V1._SX100_SY140_.jpg,"https://images-na.ssl-images-amazon.com/images/M/MV5BMTYwMzM5ODM3OV5BMl5BanBnXkFtZTgwMjU1ODg2NTE@._V1_SX865_CR0,0,865,999_AL_.jpg",,,,,,,,,,,,,,,male,,,,,
96,Leaf,/character/ch0467999/,,,,,,,['Wights'],https://images-na.ssl-images-amazon.com/images/M/MV5BYTJjNGJhYmYtNGViMy00NTg3LWI0M2YtNmM3OGI3NzA3MGVjXkEyXkFqcGdeQXVyMjk3NTUyOTc@._V1._SX100_SY140_.jpg,https://images-na.ssl-images-amazon.com/images/M/MV5BYTJjNGJhYmYtNGViMy00NTg3LWI0M2YtNmM3OGI3NzA3MGVjXkEyXkFqcGdeQXVyMjk3NTUyOTc@._V1_.jpg,,,,,,,,,"[{'actorName': 'Kae Alexander', 'actorLink': '/name/nm5221696/', 'seasonsActive': [6]}, {'actorName': 'Octavia Selena Alexandru', 'actorLink': '/name/nm3238466/', 'seasonsActive': [4]}]",,,,,,female,,,,,
97,Lem Lemoncloak,/character/ch0542106/,Jóhannes Haukur Jóhannesson,/name/nm1778512/,,,,,['Sandor Clegane'],https://images-na.ssl-images-amazon.com/images/M/MV5BZWYxOGUwODAtZmY0MS00OTFkLWI0YTUtZTkxNjI1ZjE1YmJhXkEyXkFqcGdeQXVyMjk3NTUyOTc@._V1._SX100_SY140_.jpg,https://images-na.ssl-images-amazon.com/images/M/MV5BZWYxOGUwODAtZmY0MS00OTFkLWI0YTUtZTkxNjI1ZjE1YmJhXkEyXkFqcGdeQXVyMjk3NTUyOTc@._V1_.jpg,,['Brother Ray'],,,,,,,,,,,,,male,,,,,1.0
98,Loboda,/character/ch0511931/,Zachary Baharov,/name/nm1707712/,,,,,['White Walker'],https://images-na.ssl-images-amazon.com/images/M/MV5BMDU5NzIxYzQtNDExMi00YTljLThiNjItMWIxNDEwZTJhNjZkXkEyXkFqcGdeQXVyMjk3NTUyOTc@._V1._SX100_SY140_.jpg,https://images-na.ssl-images-amazon.com/images/M/MV5BMDU5NzIxYzQtNDExMi00YTljLThiNjItMWIxNDEwZTJhNjZkXkEyXkFqcGdeQXVyMjk3NTUyOTc@._V1_.jpg,,,,,,,,,,,,,,,male,,,,,
99,Locke,/character/ch0045904/,Noah Taylor,/name/nm0852965/,,,,,['Hodor'],https://images-na.ssl-images-amazon.com/images/M/MV5BOTg1MDM2ODE0MF5BMl5BanBnXkFtZTcwNzM4MzA0OQ@@._V1._SX100_SY140_.jpg,"https://images-na.ssl-images-amazon.com/images/M/MV5BOTg1MDM2ODE0MF5BMl5BanBnXkFtZTcwNzM4MzA0OQ@@._V1_SY1000_CR0,0,665,1000_AL_.jpg",,,,,,,,,,,,,,,male,,,,,
100,Lollys Stokeworth,/character/ch0511247/,Elizabeth Cadwallader,/name/nm5502252/,,,,,,https://images-na.ssl-images-amazon.com/images/M/MV5BODQ5MTY2MjAtZmM4NC00OGZmLWIyYjEtYTNlOGQxMzg2NzgxXkEyXkFqcGdeQXVyMjk3NTUyOTc@._V1._SX100_SY140_.jpg,https://images-na.ssl-images-amazon.com/images/M/MV5BODQ5MTY2MjAtZmM4NC00OGZmLWIyYjEtYTNlOGQxMzg2NzgxXkEyXkFqcGdeQXVyMjk3NTUyOTc@._V1_.jpg,,,,,['Bronn'],,,,,,,,,,female,,,,,
101,Lommy Greenhands,/character/ch0257030/,Eros Vlahos,/name/nm2869309/,,,,,['Polliver'],https://images-na.ssl-images-amazon.com/images/M/MV5BMTg2MWUxMzYtMTAxNy00M2MzLTk5N2QtOTY1ZTE1ZGE2OTU4XkEyXkFqcGdeQXVyMjk3NTUyOTc@._V1._SX100_SY140_.jpg,https://images-na.ssl-images-amazon.com/images/M/MV5BMTg2MWUxMzYtMTAxNy00M2MzLTk5N2QtOTY1ZTE1ZGE2OTU4XkEyXkFqcGdeQXVyMjk3NTUyOTc@._V1_.jpg,,,,,,,,,,,,,,,male,,,,,
102,Loras Tyrell,/character/ch0231428/,Finn Jones,/name/nm3645691/,Tyrell,,['Mace Tyrell'],['Margaery Tyrell'],['Cersei Lannister'],https://images-na.ssl-images-amazon.com/images/M/MV5BNzcwNDAxZGMtODU1Mi00YzA2LWJhMzYtN2FjZjg2YWZlMTQ4XkEyXkFqcGdeQXVyMjk3NTUyOTc@._V1._SX100_SY140_.jpg,https://images-na.ssl-images-amazon.com/images/M/MV5BNzcwNDAxZGMtODU1Mi00YzA2LWJhMzYtN2FjZjg2YWZlMTQ4XkEyXkFqcGdeQXVyMjk3NTUyOTc@._V1_.jpg,,,,,,,,,,,,,,,male,,,,,
103,Lord Varys,/character/ch0249636/,Conleth Hill,/name/nm0384152/,,,,,['Daenerys Targaryen'],https://images-na.ssl-images-amazon.com/images/M/MV5BMTkzNDk2MjczM15BMl5BanBnXkFtZTcwODk0ODg4OQ@@._V1._SX100_SY140_.jpg,https://images-na.ssl-images-amazon.com/images/M/MV5BMTkzNDk2MjczM15BMl5BanBnXkFtZTcwODk0ODg4OQ@@._V1_.jpg,,,,,,,,,,,,,,,male,,,,,
104,Lothar Frey,/character/ch0384471/,,,Frey,,['Walder Frey'],,['Arya Stark'],https://images-na.ssl-images-amazon.com/images/M/MV5BMDc0NDA3YmYtZTNjYi00ZDExLWE2NTUtNzk5NjI3MGI3NzM0XkEyXkFqcGdeQXVyMjk3NTUyOTc@._V1._SX100_SY140_.jpg,https://images-na.ssl-images-amazon.com/images/M/MV5BMDc0NDA3YmYtZTNjYi00ZDExLWE2NTUtNzk5NjI3MGI3NzM0XkEyXkFqcGdeQXVyMjk3NTUyOTc@._V1_.jpg,,['Talisa Maegyr'],,,,,,,"[{'actorName': 'Daniel Tuite', 'actorLink': '/name/nm1264590/', 'seasonsActive': [6]}, {'actorName': 'Tom Brooke', 'actorLink': '/name/nm1623508/', 'seasonsActive': [3]}]",,,,,,male,,,,,1.0
105,Lyanna Mormont,/character/ch0541884/,Bella Ramsey,/name/nm8165602/,Mormont,,,,['Wun Wun'],https://images-na.ssl-images-amazon.com/images/M/MV5BOTY3MWNmYjAtZjZhYi00M2IzLWJjNDMtMjUzZmU3NTYyYWUxXkEyXkFqcGdeQXVyMjk3NTUyOTc@._V1._SX100_SY140_.jpg,https://images-na.ssl-images-amazon.com/images/M/MV5BOTY3MWNmYjAtZjZhYi00M2IzLWJjNDMtMjUzZmU3NTYyYWUxXkEyXkFqcGdeQXVyMjk3NTUyOTc@._V1_.jpg,,['Wun Wun'],,,,,,,,,,,,,female,,,,,1.0
106,Lyanna Stark,/character/ch0543804/,Aisling Franciosi,/name/nm4957233/,Stark,,['Rickard Stark'],"['Brandon Stark', 'Benjen Stark', 'Eddard Stark']",['Jon Snow'],https://images-na.ssl-images-amazon.com/images/M/MV5BMTE5NTczY2QtNmQxYS00NTAwLWE2ZTAtYzc1MTkyZGU5MzRkL2ltYWdlL2ltYWdlXkEyXkFqcGdeQXVyMjk3NTUyOTc@._V1._SX100_SY140_.jpg,https://images-na.ssl-images-amazon.com/images/M/MV5BMTE5NTczY2QtNmQxYS00NTAwLWE2ZTAtYzc1MTkyZGU5MzRkL2ltYWdlL2ltYWdlXkEyXkFqcGdeQXVyMjk3NTUyOTc@._V1_.jpg,,,,['Jon Snow'],"['Robert Baratheon', 'Rhaegar Targaryen']",,,,,,,['Rhaegar Targaryen'],,,female,,1.0,1.0,,
107,Lysa Arryn,/character/ch0251736/,Kate Dickie,/name/nm0225483/,"['Arryn', 'Tully']",,['Hoster Tully'],"['Catelyn Tully', 'Edmure Tully']",['Petyr Baelish'],https://images-na.ssl-images-amazon.com/images/M/MV5BMmNlYTYzOTYtOTg1ZC00YzdlLTliNTgtZDhjMTY1MGViZTA5XkEyXkFqcGdeQXVyMjk3NTUyOTc@._V1._SX100_SY140_.jpg,https://images-na.ssl-images-amazon.com/images/M/MV5BMmNlYTYzOTYtOTg1ZC00YzdlLTliNTgtZDhjMTY1MGViZTA5XkEyXkFqcGdeQXVyMjk3NTUyOTc@._V1_.jpg,,['Jon Arryn'],,,['Petyr Baelish'],,,,,,,,,,female,,,,,1.0
108,Mace Tyrell,/character/ch0384328/,Roger Ashton-Griffiths,/name/nm0004355/,Tyrell,,,,['Cersei Lannister'],https://images-na.ssl-images-amazon.com/images/M/MV5BNTcyZWFjZjItYmI4NS00ZDE2LTg4Y2YtYWJkYWI5MWJlNWFjXkEyXkFqcGdeQXVyMjk3NTUyOTc@._V1._SX100_SY140_.jpg,https://images-na.ssl-images-amazon.com/images/M/MV5BNTcyZWFjZjItYmI4NS00ZDE2LTg4Y2YtYWJkYWI5MWJlNWFjXkEyXkFqcGdeQXVyMjk3NTUyOTc@._V1_.jpg,,,,"['Margaery Tyrell', 'Loras Tyrell']",,,,,,,,,,,male,,2.0,2.0,,
109,Maester Aemon,/character/ch0246936/,Peter Vaughan,/name/nm0891092/,Targaryen,,,,['Old Age'],https://images-na.ssl-images-amazon.com/images/M/MV5BMjI4NDY4MzI5NV5BMl5BanBnXkFtZTcwMTk0ODg5NA@@._V1._SX100_SY140_.jpg,"https://images-na.ssl-images-amazon.com/images/M/MV5BMjI4NDY4MzI5NV5BMl5BanBnXkFtZTcwMTk0ODg5NA@@._V1_SX1500_CR0,0,1500,999_AL_.jpg",,,,,,,,,,,,,,,male,,,,,
110,Maester Cressen,/character/ch0255280/,Oliver Ford Davies,/name/nm0203882/,,,,,['Maester Cressen'],https://images-na.ssl-images-amazon.com/images/M/MV5BYjFmNDZjM2YtMGRkMy00NWM2LThjNWUtYzFkZGRjMjk0YWZlXkEyXkFqcGdeQXVyMjk3NTUyOTc@._V1._SX100_SY140_.jpg,https://images-na.ssl-images-amazon.com/images/M/MV5BYjFmNDZjM2YtMGRkMy00NWM2LThjNWUtYzFkZGRjMjk0YWZlXkEyXkFqcGdeQXVyMjk3NTUyOTc@._V1_.jpg,,['Maester Cressen'],,,,,,,,,,,,,male,,,,,1.0
111,Maester Luwin,/character/ch0171393/,Donald Sumpter,/name/nm0838910/,,,,,['Osha'],https://images-na.ssl-images-amazon.com/images/M/MV5BYjk0MmZiNmUtMTljMy00MmY1LTg1ODgtY2FkMjczMjI4ZWQzXkEyXkFqcGdeQXVyMjk3NTUyOTc@._V1._SX100_SY140_.jpg,https://images-na.ssl-images-amazon.com/images/M/MV5BYjk0MmZiNmUtMTljMy00MmY1LTg1ODgtY2FkMjczMjI4ZWQzXkEyXkFqcGdeQXVyMjk3NTUyOTc@._V1_.jpg,,,,,,,,,,,,,,,male,,,,,
112,Mag the Mighty,/character/ch0510933/,Neil Fingleton,/name/nm2807170/,,,,,"['Grenn', 'Donnel Hill', 'Cooper']",https://images-na.ssl-images-amazon.com/images/M/MV5BMDI5NjYzMDMtMmNkOC00MDA4LWI1OTctN2EzYzQ2ZmNiZWYwXkEyXkFqcGdeQXVyNDUzOTQ5MjY@._V1._SX100_SY140_.jpg,https://images-na.ssl-images-amazon.com/images/M/MV5BMDI5NjYzMDMtMmNkOC00MDA4LWI1OTctN2EzYzQ2ZmNiZWYwXkEyXkFqcGdeQXVyNDUzOTQ5MjY@._V1_SY1000_SX1000_AL_.jpg,,"['Grenn', 'Donnel Hill', 'Cooper']",,,,,,,,,,,,,male,,,,,3.0
113,Mago,/character/ch0379227/,Ivailo Dimitrov,/name/nm2162079/,,,,,['Khal Drogo'],https://images-na.ssl-images-amazon.com/images/M/MV5BNjdmM2ZlMTQtOGRlMy00NzAyLWE0MWYtM2JiMjNlNjA3MDU2XkEyXkFqcGdeQXVyMjg2MTMyNTM@._V1._SX100_SY140_.jpg,"https://images-na.ssl-images-amazon.com/images/M/MV5BNjdmM2ZlMTQtOGRlMy00NzAyLWE0MWYtM2JiMjNlNjA3MDU2XkEyXkFqcGdeQXVyMjg2MTMyNTM@._V1_SY1000_CR0,0,674,1000_AL_.jpg",,,,,,,,,,,,,,,male,,,,,
114,Mance Rayder,/character/ch0335039/,Ciarán Hinds,/name/nm0001354/,,,,,"['Melisandre', 'Jon Snow']",https://images-na.ssl-images-amazon.com/images/M/MV5BMTU3NzQyNjAwNF5BMl5BanBnXkFtZTcwODcyMTEwOQ@@._V1._SX100_SY140_.jpg,"https://images-na.ssl-images-amazon.com/images/M/MV5BMTU3NzQyNjAwNF5BMl5BanBnXkFtZTcwODcyMTEwOQ@@._V1_SY1000_CR0,0,666,1000_AL_.jpg",,,,,,,,,,,,,,,male,,,,,
115,Mandon Moore,/character/ch0306220/,James Doran,/name/nm0243696/,,,,,['Podrick Payne'],,,,,,,,,True,,,,,,,,male,,,,,
116,Margaery Tyrell,/character/ch0251974/,Natalie Dormer,/name/nm1754059/,Tyrell,,['Mace Tyrell'],['Loras Tyrell'],['Cersei Lannister'],https://images-na.ssl-images-amazon.com/images/M/MV5BMTkzODQ1MDg3NV5BMl5BanBnXkFtZTcwODA4NDk4OQ@@._V1._SX100_SY140_.jpg,https://images-na.ssl-images-amazon.com/images/M/MV5BMTkzODQ1MDg3NV5BMl5BanBnXkFtZTcwODA4NDk4OQ@@._V1_.jpg,,,,,"['Renly Baratheon', 'Joffrey Baratheon', 'Tommen Baratheon']",,,,,,,,,,female,,,,,
117,Martyn Lannister,/character/ch0395355/,Dean-Charles Chapman,/name/nm2835616/,Lannister,,['Kevan Lannister'],"['Lancel Lannister', 'Willem Lannister']",['Rickard Karstark'],,,,,,,,,,,,,,,,,male,,,,,
118,Matthos Seaworth,/character/ch0305029/,Kerr Logan,/name/nm4523680/,,,['Davos Seaworth'],,['Bronn'],https://images-na.ssl-images-amazon.com/images/M/MV5BMTBlYmZlMGEtMzg5Yy00OGFjLWE3Y2MtNjc2NTViN2ExNzM3XkEyXkFqcGdeQXVyMjg2MTMyNTM@._V1._SX100_SY140_.jpg,https://images-na.ssl-images-amazon.com/images/M/MV5BMTBlYmZlMGEtMzg5Yy00OGFjLWE3Y2MtNjc2NTViN2ExNzM3XkEyXkFqcGdeQXVyMjg2MTMyNTM@._V1_.jpg,,,,,,,,,,,,,,,male,,,,,
119,Meera Reed,/character/ch0316928/,Ellie Kendrick,/name/nm1697771/,,,['Howland Reed'],,,https://images-na.ssl-images-amazon.com/images/M/MV5BMTQyOTQwNjI5OF5BMl5BanBnXkFtZTcwOTcyMTEwOQ@@._V1._SX100_SY140_.jpg,"https://images-na.ssl-images-amazon.com/images/M/MV5BMTQyOTQwNjI5OF5BMl5BanBnXkFtZTcwOTcyMTEwOQ@@._V1_SY1000_CR0,0,665,1000_AL_.jpg",,"['Jojen Reed', 'White Walker']",,,,,,,,,,,,,female,,,,,2.0
120,Melessa Tarly,/character/ch0541191/,Samantha Spiro,/name/nm0819087/,,,,,,https://images-na.ssl-images-amazon.com/images/M/MV5BN2U0YmU1Y2EtNTNkOS00MzIxLWI3OTgtNjUwNGY4YTNiNWJlXkEyXkFqcGdeQXVyMjk3NTUyOTc@._V1._SX100_SY140_.jpg,https://images-na.ssl-images-amazon.com/images/M/MV5BN2U0YmU1Y2EtNTNkOS00MzIxLWI3OTgtNjUwNGY4YTNiNWJlXkEyXkFqcGdeQXVyMjk3NTUyOTc@._V1_.jpg,,,,"['Dickon Tarly', 'Samwell Tarly', 'Talla Tarly']",['Randyll Tarly'],,,,,,,,,,female,,3.0,3.0,,
121,Melisandre,/character/ch0287523/,Carice van Houten,/name/nm0396924/,,,,,['Old Age'],https://images-na.ssl-images-amazon.com/images/M/MV5BMTk0MjI5NjQ2OV5BMl5BanBnXkFtZTcwODI4NDk4OQ@@._V1._SX100_SY140_.jpg,https://images-na.ssl-images-amazon.com/images/M/MV5BMTk0MjI5NjQ2OV5BMl5BanBnXkFtZTcwODI4NDk4OQ@@._V1_.jpg,,"['Renly Baratheon', 'Axell Florent', 'Mance Rayder', 'Shireen Baratheon']",,,,,,,,,,,,,female,,,,,4.0
122,Merchant Captain,/character/ch0531846/,Gary Pillai,/name/nm0997747/,,,,,['Obara Sand'],,,,,,,,,,,,,,,,,male,,,,,
123,Mero,/character/ch0123670/,Mark Killeen,/name/nm2075330/,,,,,['Daario Naharis'],https://images-na.ssl-images-amazon.com/images/M/MV5BZmUzODdkZTQtOTAxZC00MjI5LWFmZjctZDYyYTVlNzMxMjdiXkEyXkFqcGdeQXVyMjk3NTUyOTc@._V1._SX100_SY140_.jpg,https://images-na.ssl-images-amazon.com/images/M/MV5BZmUzODdkZTQtOTAxZC00MjI5LWFmZjctZDYyYTVlNzMxMjdiXkEyXkFqcGdeQXVyMjk3NTUyOTc@._V1_.jpg,,,,,,,,,,,,,,,male,,,,,
124,Meryn Trant,/character/ch0246933/,Ian Beattie,/name/nm0064155/,,,,,['Arya Stark'],https://images-na.ssl-images-amazon.com/images/M/MV5BNTVjYTRhZWMtM2QwOC00MmYyLTk3ZjAtYmI1ZTlhNmQ3NzE0XkEyXkFqcGdeQXVyMjk3NTUyOTc@._V1._SX100_SY140_.jpg,https://images-na.ssl-images-amazon.com/images/M/MV5BNTVjYTRhZWMtM2QwOC00MmYyLTk3ZjAtYmI1ZTlhNmQ3NzE0XkEyXkFqcGdeQXVyMjk3NTUyOTc@._V1_.jpg,,['Syrio Forel'],,,,,,,,,,,,,male,,,,,1.0
125,Mirri Maz Duur,/character/ch0305011/,Mia Soteriou,/name/nm0815420/,,,,,['Daenerys Targaryen'],https://images-na.ssl-images-amazon.com/images/M/MV5BNDNiMzM4ZTAtZDhkMy00OTI3LTkxNzgtMTVjNmU5YTEyYTVjXkEyXkFqcGdeQXVyMjk3NTUyOTc@._V1._SX100_SY140_.jpg,https://images-na.ssl-images-amazon.com/images/M/MV5BNDNiMzM4ZTAtZDhkMy00OTI3LTkxNzgtMTVjNmU5YTEyYTVjXkEyXkFqcGdeQXVyMjk3NTUyOTc@._V1_.jpg,,['Rhaego'],,,,,,,,,,,,,female,,,,,1.0
126,Missandei,/character/ch0316923/,Nathalie Emmanuel,/name/nm2812026/,,,,,['Gregor Clegane'],https://images-na.ssl-images-amazon.com/images/M/MV5BNTE5OTI0OTA0OV5BMl5BanBnXkFtZTcwODczOTAzOQ@@._V1._SX100_SY140_.jpg,"https://images-na.ssl-images-amazon.com/images/M/MV5BNTE5OTI0OTA0OV5BMl5BanBnXkFtZTcwODczOTAzOQ@@._V1_SY1000_CR0,0,666,1000_AL_.jpg",,,,,,['Daenerys Targaryen'],,,,,,,,,female,,,,,
127,Mossador,/character/ch0508053/,Reece Noi,/name/nm0634139/,,,,,['Daario Naharis'],https://images-na.ssl-images-amazon.com/images/M/MV5BMGYxZjVkOGEtMWI0NS00ODc3LTlkMzUtMGFkNzJlMDc1MGY4XkEyXkFqcGdeQXVyMjk3NTUyOTc@._V1._SX100_SY140_.jpg,https://images-na.ssl-images-amazon.com/images/M/MV5BMGYxZjVkOGEtMWI0NS00ODc3LTlkMzUtMGFkNzJlMDc1MGY4XkEyXkFqcGdeQXVyMjk3NTUyOTc@._V1_.jpg,,['Son of the Harpy'],,,,,,,,,,,,,male,,,,,1.0
128,Mycah,/character/ch0305045/,Rhodri Hosking,/name/nm4430905/,,,,,['Sandor Clegane'],https://images-na.ssl-images-amazon.com/images/M/MV5BMmE5NjdjMzktZTYwNy00MzdhLWI2MjktNTUwNjA4OTA4MTAxXkEyXkFqcGdeQXVyMjk3NTUyOTc@._V1._SX100_SY140_.jpg,https://images-na.ssl-images-amazon.com/images/M/MV5BMmE5NjdjMzktZTYwNy00MzdhLWI2MjktNTUwNjA4OTA4MTAxXkEyXkFqcGdeQXVyMjk3NTUyOTc@._V1_.jpg,,,,,,,,,,,,,,,male,,,,,
129,Myranda,/character/ch0316926/,Charlotte Hope,/name/nm3745225/,,,,,['Theon Greyjoy'],https://images-na.ssl-images-amazon.com/images/M/MV5BYmJjYTdiNjgtM2JmMC00ZmUxLWE1MzMtZWRiMzcwODZmNDE2XkEyXkFqcGdeQXVyMjk3NTUyOTc@._V1._SX100_SY140_.jpg,https://images-na.ssl-images-amazon.com/images/M/MV5BYmJjYTdiNjgtM2JmMC00ZmUxLWE1MzMtZWRiMzcwODZmNDE2XkEyXkFqcGdeQXVyMjk3NTUyOTc@._V1_.jpg,,,,,,,,,,,,,,,female,,,,,
130,Myrcella Baratheon,/character/ch0238585/,,,Baratheon,True,"['Robert Baratheon', 'Cersei Lannister', 'Jaime Lannister']","['Joffrey Baratheon', 'Tommen Baratheon']",['Ellaria Sand'],https://images-na.ssl-images-amazon.com/images/M/MV5BMTA4OTA1MTIxMzdeQTJeQWpwZ15BbWU3MDY2NjQ4NTc@._V1._SX100_SY140_.jpg,"https://images-na.ssl-images-amazon.com/images/M/MV5BMTA4OTA1MTIxMzdeQTJeQWpwZ15BbWU3MDY2NjQ4NTc@._V1_SY1000_CR0,0,665,1000_AL_.jpg",,,,,['Trystane Martell'],,,,"[{'actorName': 'Aimee Richardson', 'actorLink': '/name/nm4048461/', 'seasonsActive': [1, 2]}, {'actorName': 'Nell Tiger Free', 'actorLink': '/name/nm4836100/', 'seasonsActive': [5, 6]}]",,,,,,female,,,,,
131,Ned Umber,/title/tt0944947/characters/nm9132255,Harry Grasby,/name/nm9132255/,Umber,,,,['The Night King'],,,,,,,,,,,,,,,,,male,,,,,
132,Nymeria,,,,Stark,,,"['Grey Wind', 'Lady', 'Summer', 'Shaggydog', 'Ghost']",,,,,,,,,,,,,['Arya Stark'],,,,,female,Direwolf,,,,
133,Nymeria Sand,/character/ch0468074/,Jessica Henwick,/name/nm3725055/,Martell,,['Oberyn Martell'],,['Euron Greyjoy'],https://images-na.ssl-images-amazon.com/images/M/MV5BNDZmN2FkMTEtMmMyYy00ZTcwLWE3MGQtNGU1NzY4MjAxNjQ0XkEyXkFqcGdeQXVyMjk3NTUyOTc@._V1._SX100_SY140_.jpg,https://images-na.ssl-images-amazon.com/images/M/MV5BNDZmN2FkMTEtMmMyYy00ZTcwLWE3MGQtNGU1NzY4MjAxNjQ0XkEyXkFqcGdeQXVyMjk3NTUyOTc@._V1_.jpg,,,,,,,,,,,,,,,female,,,,,
134,Obara Sand,/character/ch0468001/,Keisha Castle-Hughes,/name/nm1095720/,Martell,,['Oberyn Martell'],,['Euron Greyjoy'],https://images-na.ssl-images-amazon.com/images/M/MV5BOWU3OTRmYmItZTZiYi00Mjk1LTk2NTItMzBjZmQ3NDZhMDMyXkEyXkFqcGdeQXVyMjk3NTUyOTc@._V1._SX100_SY140_.jpg,https://images-na.ssl-images-amazon.com/images/M/MV5BOWU3OTRmYmItZTZiYi00Mjk1LTk2NTItMzBjZmQ3NDZhMDMyXkEyXkFqcGdeQXVyMjk3NTUyOTc@._V1_.jpg,,"['Merchant Captain', 'Trystane Martell']",,,,,,,,,,,,,female,,,,,2.0
135,Oberyn Martell,/character/ch0392307/,Pedro Pascal,/name/nm0050959/,Martell,,,"['Doran Martell', 'Elia Martell']",['Gregor Clegane'],https://images-na.ssl-images-amazon.com/images/M/MV5BZTJmYjViYjctYTU0My00NTJiLWE2YzUtOWZkNTg4MTZkZmEyXkEyXkFqcGdeQXVyMjk3NTUyOTc@._V1._SX100_SY140_.jpg,https://images-na.ssl-images-amazon.com/images/M/MV5BZTJmYjViYjctYTU0My00NTJiLWE2YzUtOWZkNTg4MTZkZmEyXkEyXkFqcGdeQXVyMjk3NTUyOTc@._V1_.jpg,,,,"['Obara Sand', 'Nymeria Sand', 'Tyene Sand']",['Ellaria Sand'],,,,,,,,,,male,,3.0,3.0,,
136,Olenna Tyrell,/character/ch0010188/,Diana Rigg,/name/nm0001671/,Tyrell,,,,['Jaime Lannister'],https://images-na.ssl-images-amazon.com/images/M/MV5BMTkxMjgwOTQ3Nl5BMl5BanBnXkFtZTcwMjE2NzE5OQ@@._V1._SX100_SY140_.jpg,"https://images-na.ssl-images-amazon.com/images/M/MV5BMTkxMjgwOTQ3Nl5BMl5BanBnXkFtZTcwMjE2NzE5OQ@@._V1_SY1000_CR0,0,662,1000_AL_.jpg",,['Joffrey Baratheon'],,['Mace Tyrell'],,,,,,,,,,,female,,1.0,1.0,,1.0
137,Olly,/character/ch0508055/,Brenock O'Connor,/name/nm5282143/,,,,,['Jon Snow'],https://images-na.ssl-images-amazon.com/images/M/MV5BOWFiYTRlMzMtMmQzZC00Y2UxLTgzMzAtZGEzOTlkMGRiODBkXkEyXkFqcGdeQXVyMjk3NTUyOTc@._V1._SX100_SY140_.jpg,https://images-na.ssl-images-amazon.com/images/M/MV5BOWFiYTRlMzMtMmQzZC00Y2UxLTgzMzAtZGEzOTlkMGRiODBkXkEyXkFqcGdeQXVyMjk3NTUyOTc@._V1_.jpg,,"['Ygritte', 'Jon Snow']",,,,,,,,,,,,,male,,,,,2.0
138,Orell,/character/ch0316922/,Mackenzie Crook,/name/nm0188871/,,,,,['Jon Snow'],https://images-na.ssl-images-amazon.com/images/M/MV5BOTQ1NDAzODQtNzAzMy00MDRhLTkwMWItZTNmMWJmN2I5MTlmXkEyXkFqcGdeQXVyMjk3NTUyOTc@._V1._SX100_SY140_.jpg,https://images-na.ssl-images-amazon.com/images/M/MV5BOTQ1NDAzODQtNzAzMy00MDRhLTkwMWItZTNmMWJmN2I5MTlmXkEyXkFqcGdeQXVyMjk3NTUyOTc@._V1_.jpg,,,,,,,,,,,,,,,male,,,,,
139,Osha,/character/ch0295802/,Natalia Tena,/name/nm1164730/,,,,,['Ramsay Snow'],https://images-na.ssl-images-amazon.com/images/M/MV5BMjI4NjY0ODY2OV5BMl5BanBnXkFtZTcwMzU5ODg4OQ@@._V1._SX100_SY140_.jpg,https://images-na.ssl-images-amazon.com/images/M/MV5BMjI4NjY0ODY2OV5BMl5BanBnXkFtZTcwMzU5ODg4OQ@@._V1_.jpg,,"['Drennan', 'Maester Luwin']",,,,,,,,,,,,,female,,,,,2.0
140,Othell Yarwyck,/character/ch0305003/,Brian Fortune,/name/nm1987270/,,,,,['Jon Snow'],https://images-na.ssl-images-amazon.com/images/M/MV5BNDgzYzhkZWYtYTA3OS00ZTk5LTgwYTUtNThiMDFmNjBmZmIxXkEyXkFqcGdeQXVyMjk3NTUyOTc@._V1._SX100_SY140_.jpg,https://images-na.ssl-images-amazon.com/images/M/MV5BNDgzYzhkZWYtYTA3OS00ZTk5LTgwYTUtNThiMDFmNjBmZmIxXkEyXkFqcGdeQXVyMjk3NTUyOTc@._V1_.jpg,,['Jon Snow'],,,,,,,,,,,,,male,,,,,1.0
141,Othor,,,,,,,,"['White Walker', 'Jon Snow']",,,,,,,,,,,,,,,,,male,,,,,
142,Petyr Baelish,/character/ch0245982/,Aidan Gillen,/name/nm0318821/,,,,,['Arya Stark'],https://images-na.ssl-images-amazon.com/images/M/MV5BMTQ1MjE3OTc3M15BMl5BanBnXkFtZTcwODgzODg4OQ@@._V1._SX100_SY140_.jpg,https://images-na.ssl-images-amazon.com/images/M/MV5BMTQ1MjE3OTc3M15BMl5BanBnXkFtZTcwODgzODg4OQ@@._V1_.jpg,Littlefinger,"['Joffrey Baratheon', 'Dontos Hollard', 'Lysa Arryn']",,,['Lysa Arryn'],,,,,,,,,,male,,,,,3.0
143,Podrick Payne,/character/ch0306046/,Daniel Portman,/name/nm4535552/,,,,,,https://images-na.ssl-images-amazon.com/images/M/MV5BNTU5NjczOTQyNl5BMl5BanBnXkFtZTcwMzMwNTk4OQ@@._V1._SX100_SY140_.jpg,https://images-na.ssl-images-amazon.com/images/M/MV5BNTU5NjczOTQyNl5BMl5BanBnXkFtZTcwMzMwNTk4OQ@@._V1_.jpg,,"['Mandon Moore', 'Bolton Soldier']",,,,"['Tyrion Lannister', 'Brienne of Tarth', 'Bran Stark']",True,,,,,,,,male,,,,,2.0
144,Polliver,/character/ch0305023/,Andy Kellegher,/name/nm3464945/,,,,,['Arya Stark'],https://images-na.ssl-images-amazon.com/images/M/MV5BY2EwODU4ZGMtZGVkZi00ZjE4LTlhZTItNzNjNGZiM2UxZTc1XkEyXkFqcGdeQXVyMjk3NTUyOTc@._V1._SX100_SY140_.jpg,https://images-na.ssl-images-amazon.com/images/M/MV5BY2EwODU4ZGMtZGVkZi00ZjE4LTlhZTItNzNjNGZiM2UxZTc1XkEyXkFqcGdeQXVyMjk3NTUyOTc@._V1_.jpg,,['Lommy Greenhands'],,,,,,,,,,,,,male,,,,,1.0
145,Prendahl na Ghezn,/character/ch0339504/,Ramon Tikaram,/name/nm0863130/,,,,,['Daario Naharis'],https://images-na.ssl-images-amazon.com/images/M/MV5BYzkyZDYyNGYtNDEyNC00NTQ2LWI4N2MtNmM0YzcwOTc1ODRlXkEyXkFqcGdeQXVyMjg2MTMyNTM@._V1._SX100_SY140_.jpg,"https://images-na.ssl-images-amazon.com/images/M/MV5BYzkyZDYyNGYtNDEyNC00NTQ2LWI4N2MtNmM0YzcwOTc1ODRlXkEyXkFqcGdeQXVyMjg2MTMyNTM@._V1_SX1777_CR0,0,1777,999_AL_.jpg",,,,,,,,,,,,,,,male,,,,,
146,Pyat Pree,/character/ch0303952/,Ian Hanmore,/name/nm0360171/,,,,,"['Drogon', 'Viserion', 'Rhaegal']",https://images-na.ssl-images-amazon.com/images/M/MV5BYmMzZmVkMTItNmY3Yy00MDU2LThmNTctOWJmYTNhMThhNTRlXkEyXkFqcGdeQXVyMjk3NTUyOTc@._V1._SX100_SY140_.jpg,https://images-na.ssl-images-amazon.com/images/M/MV5BYmMzZmVkMTItNmY3Yy00MDU2LThmNTctOWJmYTNhMThhNTRlXkEyXkFqcGdeQXVyMjk3NTUyOTc@._V1_.jpg,,"['Spice King', 'Silk King']",,,,,,,,,,,,,male,,,,,2.0
147,Pypar,/character/ch0273477/,Josef Altin,/name/nm1086981/,,,,,['Ygritte'],https://images-na.ssl-images-amazon.com/images/M/MV5BNTFiNTIxY2MtY2ExOC00NjM1LTg0MGEtYzUzYzA0YzIyY2VjXkEyXkFqcGdeQXVyMjk3NTUyOTc@._V1._SX100_SY140_.jpg,https://images-na.ssl-images-amazon.com/images/M/MV5BNTFiNTIxY2MtY2ExOC00NjM1LTg0MGEtYzUzYzA0YzIyY2VjXkEyXkFqcGdeQXVyMjk3NTUyOTc@._V1_.jpg,,,,,,,,,,,,,,,male,,,,,
148,Qhorin Halfhand,/character/ch0303951/,Simon Armstrong,/name/nm1409802/,,,,,['Jon Snow'],https://images-na.ssl-images-amazon.com/images/M/MV5BODM1MzJmZmUtZWI2MS00YjliLWJhNTItZmMzNmQ1YzA0ZjlmXkEyXkFqcGdeQXVyMjk3NTUyOTc@._V1._SX100_SY140_.jpg,https://images-na.ssl-images-amazon.com/images/M/MV5BODM1MzJmZmUtZWI2MS00YjliLWJhNTItZmMzNmQ1YzA0ZjlmXkEyXkFqcGdeQXVyMjk3NTUyOTc@._V1_.jpg,,,,,,,,,,,,,,,male,,,,,
149,Qotho,/character/ch0246162/,Dar Salim,/name/nm1502469/,,,,,['Jorah Mormont'],https://images-na.ssl-images-amazon.com/images/M/MV5BOWFjY2Y4NTgtZjQ5OS00YjM0LWI3OTItMWYyM2QzYjQyODk1XkEyXkFqcGdeQXVyMjk3NTUyOTc@._V1._SX100_SY140_.jpg,https://images-na.ssl-images-amazon.com/images/M/MV5BOWFjY2Y4NTgtZjQ5OS00YjM0LWI3OTItMWYyM2QzYjQyODk1XkEyXkFqcGdeQXVyMjk3NTUyOTc@._V1_.jpg,,,,,,,,,,,,,,,male,,,,,
150,Qyburn,/character/ch0316929/,Anton Lesser,/name/nm0504320/,,,,,['Gregor Clegane'],https://images-na.ssl-images-amazon.com/images/M/MV5BZGEzNDY2YjktMDM1ZS00MTI1LWEyYmMtNTdiMzczNmY4ZWEzXkEyXkFqcGdeQXVyMjk3NTUyOTc@._V1._SX100_SY140_.jpg,https://images-na.ssl-images-amazon.com/images/M/MV5BZGEzNDY2YjktMDM1ZS00MTI1LWEyYmMtNTdiMzczNmY4ZWEzXkEyXkFqcGdeQXVyMjk3NTUyOTc@._V1_.jpg,,,,,,['Cersei Lannister'],,,,,,,,,male,,,,,
151,Rakharo,/character/ch0251495/,Elyes Gabel,/name/nm1175468/,,,,,"[""Khal Jhaqo's Khalasar""]",https://images-na.ssl-images-amazon.com/images/M/MV5BNzU2OWU5YzQtMTM1YS00ZDBjLWJlOTUtODg5ZTJlNjU5MTIyXkEyXkFqcGdeQXVyMjk3NTUyOTc@._V1._SX100_SY140_.jpg,https://images-na.ssl-images-amazon.com/images/M/MV5BNzU2OWU5YzQtMTM1YS00ZDBjLWJlOTUtODg5ZTJlNjU5MTIyXkEyXkFqcGdeQXVyMjk3NTUyOTc@._V1_.jpg,,,,,,,,,,,,,,,male,,,,,
152,Ramsay Snow,/character/ch0321004/,Iwan Rheon,/name/nm3701064/,Bolton,,['Roose Bolton'],,"[""Ramsay Snow's Hounds""]",https://images-na.ssl-images-amazon.com/images/M/MV5BMzM5Nzk3NTU5N15BMl5BanBnXkFtZTgwNzczMjk5NTE@._V1._SX100_SY140_.jpg,"https://images-na.ssl-images-amazon.com/images/M/MV5BMzM5Nzk3NTU5N15BMl5BanBnXkFtZTgwNzczMjk5NTE@._V1_SY1000_CR0,0,665,1000_AL_.jpg",,"['Master Torturer', 'Medger Cerwyn', 'Lady Cerwyn', 'Unidentified Cerwyn', 'Old Woman', 'Roose Bolton', 'Osha', 'Rickon Stark', 'Wun Wun']",,,['Sansa Stark'],,,,,,,,,,male,,,,,9.0
153,Randyll Tarly,/character/ch0524408/,James Faulkner,/name/nm0269077/,,,,,['Daenerys Targaryen'],https://images-na.ssl-images-amazon.com/images/M/MV5BMjIwMTY0NTc4N15BMl5BanBnXkFtZTgwNTMyNzYwOTE@._V1._SX100_SY140_.jpg,"https://images-na.ssl-images-amazon.com/images/M/MV5BMjIwMTY0NTc4N15BMl5BanBnXkFtZTgwNTMyNzYwOTE@._V1_SY1000_CR0,0,1502,1000_AL_.jpg",,,,"['Dickon Tarly', 'Samwell Tarly', 'Talla Tarly']",['Melessa Tarly'],,,,,,,,,,male,,3.0,3.0,,
154,Rast,/character/ch0251498/,Luke Barnes,/name/nm4430828/,,,,,['Ghost'],https://images-na.ssl-images-amazon.com/images/M/MV5BYzI5NjQ3ZTctODgyYi00ZTZhLTk2M2EtM2E3MzYxNDBkMWU5XkEyXkFqcGdeQXVyMjk3NTUyOTc@._V1._SX100_SY140_.jpg,https://images-na.ssl-images-amazon.com/images/M/MV5BYzI5NjQ3ZTctODgyYi00ZTZhLTk2M2EtM2E3MzYxNDBkMWU5XkEyXkFqcGdeQXVyMjk3NTUyOTc@._V1_.jpg,,['Jeor Mormont'],,,,,,,,,,,,,male,,,,,1.0
155,Rattleshirt,/character/ch0305888/,,,,,,,['Tormund Giantsbane'],https://images-na.ssl-images-amazon.com/images/M/MV5BYzk1ZDA3YjktMWZhMi00MTA4LTk0YjItY2ZmMDRlZDY3MmM2XkEyXkFqcGdeQXVyMjk3NTUyOTc@._V1._SX100_SY140_.jpg,https://images-na.ssl-images-amazon.com/images/M/MV5BYzk1ZDA3YjktMWZhMi00MTA4LTk0YjItY2ZmMDRlZDY3MmM2XkEyXkFqcGdeQXVyMjk3NTUyOTc@._V1_.jpg,Lord of Bones,,,,,,,,"[{'actorName': 'Edward Dogliani', 'actorLink': '/name/nm2589085/', 'seasonsActive': [2, 3]}, {'actorName': ""Ross O'Hennessy"", 'actorLink': '/name/nm1090815/', 'seasonsActive': [5]}]",,,,,,male,,,,,
156,Razdal mo Eraz,/character/ch0413591/,George Georgiou,/name/nm1745190/,,,,,['Grey Worm'],https://images-na.ssl-images-amazon.com/images/M/MV5BODdjNzdkYWQtZmE1OS00YzcxLTljMTctNWZmMDI3OTAzZmZiXkEyXkFqcGdeQXVyMjk3NTUyOTc@._V1._SX100_SY140_.jpg,https://images-na.ssl-images-amazon.com/images/M/MV5BODdjNzdkYWQtZmE1OS00YzcxLTljMTctNWZmMDI3OTAzZmZiXkEyXkFqcGdeQXVyMjk3NTUyOTc@._V1_.jpg,,,,,,,,,,,,,,,male,,,,,
157,Red Keep Stableboy,/character/ch0379229/,Hugo Culverhouse,/name/nm4164318/,,,,,['Arya Stark'],https://images-na.ssl-images-amazon.com/images/M/MV5BZjA0NGQzMmQtZTdlMi00Y2Q5LWE1N2ItNGNhODdmZDAxZTg3XkEyXkFqcGdeQXVyMjg2MTMyNTM@._V1._SX100_SY140_.jpg,https://images-na.ssl-images-amazon.com/images/M/MV5BZjA0NGQzMmQtZTdlMi00Y2Q5LWE1N2ItNGNhODdmZDAxZTg3XkEyXkFqcGdeQXVyMjg2MTMyNTM@._V1_.jpg,,,,,,,,,,,,,,,male,,,,,
158,Renly Baratheon,/character/ch0246253/,Gethin Anthony,/name/nm2167445/,Baratheon,,,"['Robert Baratheon', 'Stannis Baratheon']",['Melisandre'],https://images-na.ssl-images-amazon.com/images/M/MV5BNjA4OTE5MzcyOF5BMl5BanBnXkFtZTcwNDA1ODg5NA@@._V1._SX100_SY140_.jpg,"https://images-na.ssl-images-amazon.com/images/M/MV5BNjA4OTE5MzcyOF5BMl5BanBnXkFtZTcwNDA1ODg5NA@@._V1_SX1500_CR0,0,1500,999_AL_.jpg",,,,,['Margaery Tyrell'],,,,,,,,,,male,,,,,
159,Rhaegal,,,,Targaryen,,,"['Drogon', 'Viserion']",['Euron Greyjoy'],,,,"['Pyat Pree', 'Great Master #1']",,,,,,,,['Daenerys Targaryen'],,,,,male,Dragon,,,,2.0
160,Rhaegar Targaryen,,,,Targaryen,True,"['Rhaella Targaryen', 'Aerys II Targaryen']","['Daenerys Targaryen', 'Viserys Targaryen']",['Robert Baratheon'],,,,,,"['Jon Snow', 'Rhaenys Targaryen', 'Aegon Targaryen']","['Elia Martell', 'Lyanna Stark']",,,,,,,,['Lyanna Stark'],,male,,3.0,3.0,,
161,Rhaego,,,,,,"['Khal Drogo', 'Daenerys Targaryen']",,['Mirri Maz Duur'],,,,,,,,,,,,,,,,,male,,,,,
162,Rhaella Targaryen,,,,Targaryen,True,,['Aerys II Targaryen'],,,,,,,"['Daenerys Targaryen', 'Rhaegar Targaryen', 'Viserys Targaryen']",['Aerys II Targaryen'],,,,,,,,,,,,3.0,3.0,,
163,Rhaenys Targaryen,,,,Targaryen,True,"['Elia Martell', 'Rhaegar Targaryen']",,['Gregor Clegane'],,,,,,,,,,,,,,,,"['Aegon Targaryen', 'Jon Snow']",,,,,,
164,Rickard Karstark,/character/ch0305331/,,,,,,,['Robb Stark'],https://images-na.ssl-images-amazon.com/images/M/MV5BM2IwZThkNjQtYzU2NS00ZTRiLWFjNDUtNTdmMGQ2ZmE5M2NmXkEyXkFqcGdeQXVyMjk3NTUyOTc@._V1._SX100_SY140_.jpg,https://images-na.ssl-images-amazon.com/images/M/MV5BM2IwZThkNjQtYzU2NS00ZTRiLWFjNDUtNTdmMGQ2ZmE5M2NmXkEyXkFqcGdeQXVyMjk3NTUyOTc@._V1_.jpg,,"['Martyn Lannister', 'Willem Lannister']",,['Harald Karstark'],,,,,"[{'actorName': 'John Stahl', 'actorLink': '/name/nm0821471/', 'seasonsActive': [2, 3]}, {'actorName': 'Steve Blount', 'actorLink': '/name/nm0089416/', 'seasonsActive': [1]}]",,,,,,male,,1.0,1.0,,2.0
165,Rickard Stark,,,,Stark,,,,['Aerys II Targaryen'],,,,,,"['Brandon Stark', 'Benjen Stark', 'Eddard Stark', 'Lyanna Stark']",,,,,,,,,,,male,,4.0,4.0,,
166,Rickon Stark,/character/ch0233141/,Art Parkinson,/name/nm3280686/,Stark,,"['Eddard Stark', 'Catelyn Stark']","['Robb Stark', 'Sansa Stark', 'Arya Stark', 'Bran Stark']",['Ramsay Snow'],https://images-na.ssl-images-amazon.com/images/M/MV5BMWZiOGNjMDAtOTRlNi00MDJmLWEyMTMtOGEwZTM5ODJlNDAyXkEyXkFqcGdeQXVyMjk3NTUyOTc@._V1._SX100_SY140_.jpg,https://images-na.ssl-images-amazon.com/images/M/MV5BMWZiOGNjMDAtOTRlNi00MDJmLWEyMTMtOGEwZTM5ODJlNDAyXkEyXkFqcGdeQXVyMjk3NTUyOTc@._V1_.jpg,,,,,,,,['Shaggydog'],,,,,,,male,,,,,
167,Robb Stark,/character/ch0158596/,Richard Madden,/name/nm0534635/,Stark,True,"['Eddard Stark', 'Catelyn Stark']","['Sansa Stark', 'Arya Stark', 'Bran Stark', 'Rickon Stark']",['Roose Bolton'],https://images-na.ssl-images-amazon.com/images/M/MV5BMjI2NDE1NzczNF5BMl5BanBnXkFtZTcwNjcwODg4OQ@@._V1._SX100_SY140_.jpg,"https://images-na.ssl-images-amazon.com/images/M/MV5BMjI2NDE1NzczNF5BMl5BanBnXkFtZTcwNjcwODg4OQ@@._V1_SY1000_CR0,0,845,1000_AL_.jpg",,"['Wallen', 'Rickard Karstark']",,,"['Roslin Frey', 'Talisa Maegyr']",,,['Grey Wind'],,,,,,,male,,,,,2.0
168,Robert Baratheon,/character/ch0155776/,Mark Addy,/name/nm0004692/,Baratheon,True,,"['Stannis Baratheon', 'Renly Baratheon']",['Boar'],https://images-na.ssl-images-amazon.com/images/M/MV5BMzQwMDcwNzY5MF5BMl5BanBnXkFtZTcwMzIyMTE5OQ@@._V1._SX100_SY140_.jpg,https://images-na.ssl-images-amazon.com/images/M/MV5BMzQwMDcwNzY5MF5BMl5BanBnXkFtZTcwMzIyMTE5OQ@@._V1_.jpg,,['Rhaegar Targaryen'],,"['Joffrey Baratheon', 'Myrcella Baratheon', 'Tommen Baratheon']","['Lyanna Stark', 'Cersei Lannister']",,,['Jon Arryn'],,,"['Jon Arryn', 'Eddard Stark', 'Tywin Lannister']",,,,male,,3.0,3.0,3.0,1.0
169,Robin Arryn,/character/ch0300949/,Lino Facioli,/name/nm2996220/,,,"['Jon Arryn', 'Lysa Arryn']",,,https://images-na.ssl-images-amazon.com/images/M/MV5BNjBlNzE3YjEtMTcwYS00OTQxLTk1NjEtNGMwNzJhNWI2OGJjXkEyXkFqcGdeQXVyMjk3NTUyOTc@._V1._SX100_SY140_.jpg,https://images-na.ssl-images-amazon.com/images/M/MV5BNjBlNzE3YjEtMTcwYS00OTQxLTk1NjEtNGMwNzJhNWI2OGJjXkEyXkFqcGdeQXVyMjk3NTUyOTc@._V1_.jpg,,,,,,,,,,,,,,,male,,,,,
170,Rodrik Cassel,/character/ch0171391/,Ron Donachie,/name/nm0231871/,,,,,['Theon Greyjoy'],https://images-na.ssl-images-amazon.com/images/M/MV5BMTc4NDk5MjAwMF5BMl5BanBnXkFtZTcwNTk1NDk4OQ@@._V1._SX100_SY140_.jpg,https://images-na.ssl-images-amazon.com/images/M/MV5BMTc4NDk5MjAwMF5BMl5BanBnXkFtZTcwNTk1NDk4OQ@@._V1_.jpg,,,,,,['Eddard Stark'],,,,,,,,,male,,,,,
171,Roose Bolton,/character/ch0305006/,Michael McElhatton,/name/nm0568385/,Bolton,,,,['Ramsay Snow'],https://images-na.ssl-images-amazon.com/images/M/MV5BMTQyMjE3MTExN15BMl5BanBnXkFtZTcwMTI3NDk4OQ@@._V1._SX100_SY140_.jpg,https://images-na.ssl-images-amazon.com/images/M/MV5BMTQyMjE3MTExN15BMl5BanBnXkFtZTcwMTI3NDk4OQ@@._V1_.jpg,,['Robb Stark'],,['Ramsay Snow'],['Walda Bolton'],,,,,,,,,,male,,1.0,1.0,,1.0
172,Rorge,/character/ch0305019/,Andy Beckwith,/name/nm0065874/,,,,,['Arya Stark'],https://images-na.ssl-images-amazon.com/images/M/MV5BZjE4Mjc3MTktMDYyOC00ZDVlLWJlNjMtYzFiMDFlYzg3MjJjXkEyXkFqcGdeQXVyMjk3NTUyOTc@._V1._SX100_SY140_.jpg,https://images-na.ssl-images-amazon.com/images/M/MV5BZjE4Mjc3MTktMDYyOC00ZDVlLWJlNjMtYzFiMDFlYzg3MjJjXkEyXkFqcGdeQXVyMjk3NTUyOTc@._V1_.jpg,,,,,,,,,,,,,,,male,,,,,
173,Ros,/character/ch0010187/,Esmé Bianco,/name/nm2657974/,,,,,['Joffrey Baratheon'],https://images-na.ssl-images-amazon.com/images/M/MV5BMTg0NzA4OTQ5Ml5BMl5BanBnXkFtZTcwMDY5ODg4OQ@@._V1._SX100_SY140_.jpg,"https://images-na.ssl-images-amazon.com/images/M/MV5BMTg0NzA4OTQ5Ml5BMl5BanBnXkFtZTcwMDY5ODg4OQ@@._V1_SY1000_CR0,0,811,1000_AL_.jpg",,,,,,,,,,,,,,,female,,,,,
174,Roslin Frey,/character/ch0391563/,Alexandra Dowling,/name/nm5093301/,Frey,,['Walder Frey'],,,https://images-na.ssl-images-amazon.com/images/M/MV5BNzhhZGIxYjctMjBkNC00YTJhLTlmMDAtOWUyYjlhNWE3Yzg3XkEyXkFqcGdeQXVyMjk3NTUyOTc@._V1._SX100_SY140_.jpg,https://images-na.ssl-images-amazon.com/images/M/MV5BNzhhZGIxYjctMjBkNC00YTJhLTlmMDAtOWUyYjlhNWE3Yzg3XkEyXkFqcGdeQXVyMjk3NTUyOTc@._V1_.jpg,,,,,"['Robb Stark', 'Edmure Tully']",,,,,,,,,,female,,,,,
175,Ryger Rivers,/character/ch0014591/,Bryan McCaugherty,/name/nm0565472/,,,['Walder Frey'],,,,,,,,,,,,,,,,,,,male,,,,,
176,Samwell Tarly,/character/ch0244961/,John Bradley,/name/nm4263213/,,,"['Randyll Tarly', 'Melessa Tarly']","['Dickon Tarly', 'Talla Tarly']",,https://images-na.ssl-images-amazon.com/images/M/MV5BMTQyODYyOTczMF5BMl5BanBnXkFtZTcwNjY0ODg4OQ@@._V1._SX100_SY140_.jpg,https://images-na.ssl-images-amazon.com/images/M/MV5BMTQyODYyOTczMF5BMl5BanBnXkFtZTcwNjY0ODg4OQ@@._V1_.jpg,,"['White Walker', 'Thenn Warg']",,['Baby Sam'],['Gilly'],,,,,,,,,,male,,1.0,1.0,,2.0
177,Sandor Clegane,/character/ch0162882/,Rory McCann,/name/nm0564920/,,,,['Gregor Clegane'],['Sandor Clegane'],https://images-na.ssl-images-amazon.com/images/M/MV5BMTQwMjEwNDQ1MF5BMl5BanBnXkFtZTcwMzAxODg4OQ@@._V1._SX100_SY140_.jpg,https://images-na.ssl-images-amazon.com/images/M/MV5BMTQwMjEwNDQ1MF5BMl5BanBnXkFtZTcwMzAxODg4OQ@@._V1_.jpg,The Hound,"['Mycah', 'Kings Landing Rioter #1', 'Kings Landing Rioter #2', 'Kings Landing Rioter #3', 'Beric Dondarrion', 'Frey Soldier #2', 'Lowell', 'Dying Man', 'Biter', 'Steve', 'Riddell', 'Gatins', 'Morgan', 'Lem Lemoncloak', 'Gregor Clegane', 'Sandor Clegane']",,,,,,,,,,,,,male,,,,,16.0
178,Sansa Stark,/character/ch0158137/,Sophie Turner,/name/nm3849842/,Stark,True,"['Eddard Stark', 'Catelyn Stark']","['Robb Stark', 'Arya Stark', 'Bran Stark', 'Rickon Stark']",,https://images-na.ssl-images-amazon.com/images/M/MV5BNjAwMjE2NDExNF5BMl5BanBnXkFtZTcwODAwODg4OQ@@._V1._SX100_SY140_.jpg,"https://images-na.ssl-images-amazon.com/images/M/MV5BNjAwMjE2NDExNF5BMl5BanBnXkFtZTcwODAwODg4OQ@@._V1_SY1000_CR0,0,806,1000_AL_.jpg",,,,,"['Joffrey Baratheon', 'Tyrion Lannister', 'Ramsay Snow']",,,['Lady'],,,,,,,female,,,,,
179,Selyse Baratheon,/character/ch0316924/,,,Baratheon,,,,['Selyse Baratheon'],https://images-na.ssl-images-amazon.com/images/M/MV5BZGZjNDA5YWUtZjE5OC00NGE2LWI3Y2UtOTQ1Yjg1MDc3MTk4L2ltYWdlXkEyXkFqcGdeQXVyMjk3NTUyOTc@._V1._SX100_SY140_.jpg,https://images-na.ssl-images-amazon.com/images/M/MV5BZGZjNDA5YWUtZjE5OC00NGE2LWI3Y2UtOTQ1Yjg1MDc3MTk4L2ltYWdlXkEyXkFqcGdeQXVyMjk3NTUyOTc@._V1_.jpg,,['Selyse Baratheon'],,['Shireen Baratheon'],['Stannis Baratheon'],,,,"[{'actorName': 'Tara Fitzgerald', 'actorLink': '/name/nm0001216/', 'seasonsActive': [3, 4, 5]}, {'actorName': 'Sarah MacKeever', 'actorLink': '/name/nm5223922/', 'seasonsActive': [2]}]",,,,,,female,,1.0,1.0,,1.0
180,Septa Mordane,/character/ch0248505/,Susan Brown,/name/nm0114742/,,,,,['Lannister Guardsman'],https://images-na.ssl-images-amazon.com/images/M/MV5BMzc5ZTY2MTEtYzZiNy00MGExLWI0MjctOTcxMjdlZmU3OWM5XkEyXkFqcGdeQXVyMjk3NTUyOTc@._V1._SX100_SY140_.jpg,https://images-na.ssl-images-amazon.com/images/M/MV5BMzc5ZTY2MTEtYzZiNy00MGExLWI0MjctOTcxMjdlZmU3OWM5XkEyXkFqcGdeQXVyMjk3NTUyOTc@._V1_.jpg,,,,,,,,,,,,,,,female,,,,,
181,Shae,/character/ch0250564/,Sibel Kekilli,/name/nm1402546/,,,,,['Tyrion Lannister'],https://images-na.ssl-images-amazon.com/images/M/MV5BMTkwMTA0NTY5NF5BMl5BanBnXkFtZTcwNjk2ODg4OQ@@._V1._SX100_SY140_.jpg,https://images-na.ssl-images-amazon.com/images/M/MV5BMTkwMTA0NTY5NF5BMl5BanBnXkFtZTcwNjk2ODg4OQ@@._V1_.jpg,,,,,,,,,,,,,,,female,,,,,
182,Shaggydog,,,,Stark,,,"['Grey Wind', 'Lady', 'Nymeria', 'Summer', 'Ghost']",['Smalljon Umber'],,,,,,,,,,,,['Rickon Stark'],,,,,male,Direwolf,,,,
183,Shireen Baratheon,/character/ch0306346/,Kerry Ingram,/name/nm5081192/,Baratheon,,"['Stannis Baratheon', 'Selyse Baratheon']",,['Melisandre'],https://images-na.ssl-images-amazon.com/images/M/MV5BZjUzNmYzZDktZGY4ZS00ZDA1LWE1MGItMDAwM2E1ZGVlODg1XkEyXkFqcGdeQXVyMjk3NTUyOTc@._V1._SX100_SY140_.jpg,https://images-na.ssl-images-amazon.com/images/M/MV5BZjUzNmYzZDktZGY4ZS00ZDA1LWE1MGItMDAwM2E1ZGVlODg1XkEyXkFqcGdeQXVyMjk3NTUyOTc@._V1_.jpg,,,,,,,,,,,,,,,female,,,,,
184,Silk King,/character/ch0345051/,Slavko Juraga,/name/nm0432838/,,,,,['Pyat Pree'],https://images-na.ssl-images-amazon.com/images/M/MV5BYTA3YTFlMDAtNzIxNy00NGQzLWJlMjYtZGY3MjdmNThjMGIwXkEyXkFqcGdeQXVyMjk3NTUyOTc@._V1._SX100_SY140_.jpg,https://images-na.ssl-images-amazon.com/images/M/MV5BYTA3YTFlMDAtNzIxNy00NGQzLWJlMjYtZGY3MjdmNThjMGIwXkEyXkFqcGdeQXVyMjk3NTUyOTc@._V1_.jpg,,,,,,,,,,,,,,,male,,,,,
185,Smalljon Umber,/character/ch0540067/,Dean S. Jagger,/name/nm2746504/,,,['Greatjon Umber'],,['Tormund Giantsbane'],https://images-na.ssl-images-amazon.com/images/M/MV5BNzViODI3ZTctMjZmNC00MzBhLWIxNTgtMDAzMTQ5OWM3YjE2XkEyXkFqcGdeQXVyMjk3NTUyOTc@._V1._SX100_SY140_.jpg,https://images-na.ssl-images-amazon.com/images/M/MV5BNzViODI3ZTctMjZmNC00MzBhLWIxNTgtMDAzMTQ5OWM3YjE2XkEyXkFqcGdeQXVyMjk3NTUyOTc@._V1_.jpg,,['Shaggydog'],,,,,,,,,,,,,male,,,,,1.0
186,Spice King,/character/ch0305005/,Nicholas Blane,/name/nm0087432/,,,,,['Pyat Pree'],https://images-na.ssl-images-amazon.com/images/M/MV5BYTA4NWE5ZDgtNjQ0Ni00YmUxLWJhZTgtOTRmY2U0YzI3YmE2XkEyXkFqcGdeQXVyMjk3NTUyOTc@._V1._SX100_SY140_.jpg,https://images-na.ssl-images-amazon.com/images/M/MV5BYTA4NWE5ZDgtNjQ0Ni00YmUxLWJhZTgtOTRmY2U0YzI3YmE2XkEyXkFqcGdeQXVyMjk3NTUyOTc@._V1_.jpg,,,,,,,,,,,,,,,male,,,,,
187,Stannis Baratheon,/character/ch0250897/,Stephen Dillane,/name/nm0226820/,Baratheon,,,"['Robert Baratheon', 'Renly Baratheon']",['Brienne of Tarth'],https://images-na.ssl-images-amazon.com/images/M/MV5BMjExNzY0NzI0NF5BMl5BanBnXkFtZTcwNjA2NDk4OQ@@._V1._SX100_SY140_.jpg,https://images-na.ssl-images-amazon.com/images/M/MV5BMjExNzY0NzI0NF5BMl5BanBnXkFtZTcwNjA2NDk4OQ@@._V1_.jpg,,"['Gordy', 'Simpson']",,['Shireen Baratheon'],['Selyse Baratheon'],,,,,,,,,,male,,1.0,1.0,,2.0
188,Stevron Frey,/character/ch0305329/,Colin Carnegie,/name/nm1794801/,Frey,,,,,,,,,,,,,,,,,,,,,male,,,,,
189,Stiv,/character/ch0304972/,Stephen Don,/name/nm1651043/,,,,,['Theon Greyjoy'],https://images-na.ssl-images-amazon.com/images/M/MV5BYjFhYzE5NGYtMWM5Zi00YjAyLWI4YTktNDhhYTE1NGFhZjgwXkEyXkFqcGdeQXVyMjk3NTUyOTc@._V1._SX100_SY140_.jpg,https://images-na.ssl-images-amazon.com/images/M/MV5BYjFhYzE5NGYtMWM5Zi00YjAyLWI4YTktNDhhYTE1NGFhZjgwXkEyXkFqcGdeQXVyMjk3NTUyOTc@._V1_.jpg,,,,,,,,,,,,,,,male,,,,,
190,Styr,/character/ch0400416/,Yuri Kolokolnikov,/name/nm0464305/,,,,,['Jon Snow'],https://images-na.ssl-images-amazon.com/images/M/MV5BMjAyNDM4Mjc1M15BMl5BanBnXkFtZTgwODQyMTg1MTE@._V1._SX100_SY140_.jpg,"https://images-na.ssl-images-amazon.com/images/M/MV5BMjAyNDM4Mjc1M15BMl5BanBnXkFtZTgwODQyMTg1MTE@._V1_SX1777_CR0,0,1777,999_AL_.jpg",,"[""Olly's Mother""]",,,,,,,,,,,,,male,,,,,1.0
191,Summer,,,,Stark,,,"['Grey Wind', 'Lady', 'Nymeria', 'Shaggydog', 'Ghost']",['Wights'],,,,['Catspaw Assassin'],,,,,,,,['Bran Stark'],,,,,male,Direwolf,,,,1.0
192,Syrio Forel,/character/ch0246934/,Miltos Yerolemou,/name/nm1115654/,,,,,['Meryn Trant'],https://images-na.ssl-images-amazon.com/images/M/MV5BMjE2OTA3NDY5Nl5BMl5BanBnXkFtZTcwMDg0ODg5NA@@._V1._SX100_SY140_.jpg,"https://images-na.ssl-images-amazon.com/images/M/MV5BMjE2OTA3NDY5Nl5BMl5BanBnXkFtZTcwMDg0ODg5NA@@._V1_SY1000_CR0,0,665,1000_AL_.jpg",,,,,,,,,,,,,,,male,,,,,
193,Talisa Maegyr,/character/ch0305007/,Oona Chaplin,/name/nm2772105/,,,,,['Lothar Frey'],https://images-na.ssl-images-amazon.com/images/M/MV5BMjE1MjY3ODA5OF5BMl5BanBnXkFtZTcwMTA3NDk4OQ@@._V1._SX100_SY140_.jpg,https://images-na.ssl-images-amazon.com/images/M/MV5BMjE1MjY3ODA5OF5BMl5BanBnXkFtZTcwMTA3NDk4OQ@@._V1_.jpg,,,,,['Robb Stark'],,,,,,,,,,female,,,,,
194,Talla Tarly,/character/ch0523897/,Rebecca Benson,/name/nm5039410/,Tarly,,"['Randyll Tarly', 'Melessa Tarly']","['Dickon Tarly', 'Samwell Tarly']",,https://images-na.ssl-images-amazon.com/images/M/MV5BZTYwYTA2MWEtM2FjNS00MDNhLWIyMzMtODI0Mjg2Y2ZlODBiXkEyXkFqcGdeQXVyMjk3NTUyOTc@._V1._SX100_SY140_.jpg,https://images-na.ssl-images-amazon.com/images/M/MV5BZTYwYTA2MWEtM2FjNS00MDNhLWIyMzMtODI0Mjg2Y2ZlODBiXkEyXkFqcGdeQXVyMjk3NTUyOTc@._V1_.jpg,,,,,,,,,,,,,,,female,,,,,
195,The Night King,/character/ch0512154/,,,,,,,['Arya Stark'],https://images-na.ssl-images-amazon.com/images/M/MV5BY2ZjNmYyMjAtNGUwYi00N2JmLWEyMTYtMDM5YmM2MWFhMWFiXkEyXkFqcGdeQXVyNDUzOTQ5MjY@._V1._SX100_SY140_.jpg,https://images-na.ssl-images-amazon.com/images/M/MV5BY2ZjNmYyMjAtNGUwYi00N2JmLWEyMTYtMDM5YmM2MWFhMWFiXkEyXkFqcGdeQXVyNDUzOTQ5MjY@._V1_.jpg,,"['Three-Eyed Raven', 'Viserion', 'Ned Umber', 'Theon Greyjoy']",,,,,,,"[{'actorName': 'Richard Brake', 'actorLink': '/name/nm0104114/', 'seasonsActive': [4, 5]}, {'actorName': ""Vladimir 'Furdo' Furdik"", 'actorLink': '/name/nm0298842/', 'seasonsActive': [6, 7, 8]}]",,,,,,male,White_Walkers,,,,4.0
196,The Tickler,/character/ch0305033/,Anthony Morris,/name/nm1677757/,,,,,"[""Jaqen H'ghar""]",https://images-na.ssl-images-amazon.com/images/M/MV5BNTRiZjdkNTctMzM3ZC00NDJjLWI1MjctNTdjZjFlYjNiOTMxXkEyXkFqcGdeQXVyMjg2MTMyNTM@._V1._SX100_SY140_.jpg,https://images-na.ssl-images-amazon.com/images/M/MV5BNTRiZjdkNTctMzM3ZC00NDJjLWI1MjctNTdjZjFlYjNiOTMxXkEyXkFqcGdeQXVyMjg2MTMyNTM@._V1_.jpg,,['Tortured Prisoner'],,,,,,,,,,,,,male,,,,,1.0
197,The Waif,/character/ch0508054/,Faye Marsay,/name/nm3849670/,,,,,['Arya Stark'],https://images-na.ssl-images-amazon.com/images/M/MV5BMzlkNTU5NTYtNmY5OS00NTY2LTk2YWItODU0OTc0MTA5NDQ1XkEyXkFqcGdeQXVyMjk3NTUyOTc@._V1._SX100_SY140_.jpg,https://images-na.ssl-images-amazon.com/images/M/MV5BMzlkNTU5NTYtNmY5OS00NTY2LTk2YWItODU0OTc0MTA5NDQ1XkEyXkFqcGdeQXVyMjk3NTUyOTc@._V1_.jpg,,['Lady Crane'],,,,,,,,,,,,,female,,,,,1.0
198,Thenn Warg,/character/ch0400416/,Joseph Gatt,/name/nm1395532/,,,,,['Samwell Tarly'],,,,,,,,,,,,,,,,,male,,,,,
199,Theon Greyjoy,/character/ch0158526/,Alfie Allen,/name/nm0654295/,Greyjoy,,['Balon Greyjoy'],['Yara Greyjoy'],['The Night King'],https://images-na.ssl-images-amazon.com/images/M/MV5BMTM3ODUyOTY3N15BMl5BanBnXkFtZTcwNjI4MTg4OQ@@._V1._SX100_SY140_.jpg,https://images-na.ssl-images-amazon.com/images/M/MV5BMTM3ODUyOTY3N15BMl5BanBnXkFtZTcwNjI4MTg4OQ@@._V1_.jpg,,"['Stiv', 'Rodrik Cassel', 'Myranda', 'Bolton Soldier', 'Harrag']",,,,,,,,,,,,,male,,,,,5.0
200,Three-Eyed Raven,/character/ch0414457/,,,,,,,['The Night King'],https://images-na.ssl-images-amazon.com/images/M/MV5BOGI4NGRiNTUtM2ZlYy00ZjhlLWJlYWItMjgzNWIzYWQwZWY0XkEyXkFqcGdeQXVyMjk3NTUyOTc@._V1._SX100_SY140_.jpg,https://images-na.ssl-images-amazon.com/images/M/MV5BOGI4NGRiNTUtM2ZlYy00ZjhlLWJlYWItMjgzNWIzYWQwZWY0XkEyXkFqcGdeQXVyMjk3NTUyOTc@._V1_.jpg,,,,,,,,,"[{'actorName': 'Struan Rodger', 'actorLink': '/name/nm0734654/', 'seasonsActive': [4]}, {'actorName': 'Max von Sydow', 'actorLink': '/name/nm0001884/', 'seasonsActive': [6]}]",,,,,,male,,,,,
201,Tommen Baratheon,/character/ch0256424/,,,Baratheon,True,"['Robert Baratheon', 'Cersei Lannister', 'Jaime Lannister']","['Joffrey Baratheon', 'Myrcella Baratheon']",['Tommen Baratheon'],https://images-na.ssl-images-amazon.com/images/M/MV5BOTY1YWUxM2QtZjhmZC00ZmQ2LThkM2YtNTk2MmQ5OTk3NGMyXkEyXkFqcGdeQXVyMjk3NTUyOTc@._V1._SX100_SY140_.jpg,https://images-na.ssl-images-amazon.com/images/M/MV5BOTY1YWUxM2QtZjhmZC00ZmQ2LThkM2YtNTk2MmQ5OTk3NGMyXkEyXkFqcGdeQXVyMjk3NTUyOTc@._V1_.jpg,,['Tommen Baratheon'],,,['Margaery Tyrell'],,,,"[{'actorName': 'Callum Wharry', 'actorLink': '/name/nm4422626/', 'seasonsActive': [1, 2]}, {'actorName': 'Dean-Charles Chapman', 'actorLink': '/name/nm2835616/', 'seasonsActive': [4, 5, 6]}]",,,,,,male,,,,,1.0
202,Tormund Giantsbane,/character/ch0316925/,Kristofer Hivju,/name/nm1970465/,,,,,,https://images-na.ssl-images-amazon.com/images/M/MV5BMTc1OTU3NjUzNF5BMl5BanBnXkFtZTcwNDE0NzE5OQ@@._V1._SX100_SY140_.jpg,"https://images-na.ssl-images-amazon.com/images/M/MV5BMTc1OTU3NjUzNF5BMl5BanBnXkFtZTcwNDE0NzE5OQ@@._V1_SY1000_CR0,0,717,1000_AL_.jpg",,"['Rattleshirt', 'Smalljon Umber']",,,,,,,,,,,,,male,,,,,2.0
203,Trystane Martell,/character/ch0506400/,Toby Sebastian,/name/nm4514519/,Martell,,['Doran Martell'],,['Obara Sand'],https://images-na.ssl-images-amazon.com/images/M/MV5BYTBkMjZhMjItN2QwYS00MTg2LTg2YzMtNWJiYjBiYmVkMDk3XkEyXkFqcGdeQXVyMjk3NTUyOTc@._V1._SX100_SY140_.jpg,https://images-na.ssl-images-amazon.com/images/M/MV5BYTBkMjZhMjItN2QwYS00MTg2LTg2YzMtNWJiYjBiYmVkMDk3XkEyXkFqcGdeQXVyMjk3NTUyOTc@._V1_.jpg,,,,,['Myrcella Baratheon'],,,,,,,,,,male,,,,,
204,Tyene Sand,/character/ch0468075/,Rosabell Laurenti Sellers,/name/nm3065809/,Martell,,"['Oberyn Martell', 'Ellaria Sand']",,['Cersei Lannister'],https://images-na.ssl-images-amazon.com/images/M/MV5BNDY5NzBiMTQtYzhmMS00Y2FmLTkzYzYtYzM2ODBjNGZlNGNiXkEyXkFqcGdeQXVyMjk3NTUyOTc@._V1._SX100_SY140_.jpg,https://images-na.ssl-images-amazon.com/images/M/MV5BNDY5NzBiMTQtYzhmMS00Y2FmLTkzYzYtYzM2ODBjNGZlNGNiXkEyXkFqcGdeQXVyMjk3NTUyOTc@._V1_.jpg,,"['Areo Hotah', 'Maester Caleotte']",,,,,,,,,,,,,female,,,,,2.0
205,Tyrion Lannister,/character/ch0146096/,Peter Dinklage,/name/nm0227759/,Lannister,,['Tywin Lannister'],"['Cersei Lannister', 'Jaime Lannister']",,https://images-na.ssl-images-amazon.com/images/M/MV5BMjA2MDAwOTI0OV5BMl5BanBnXkFtZTcwNjA3NDg1Nw@@._V1._SX100_SY140_.jpg,"https://images-na.ssl-images-amazon.com/images/M/MV5BMjA2MDAwOTI0OV5BMl5BanBnXkFtZTcwNjA3NDg1Nw@@._V1_SX1500_CR0,0,1500,999_AL_.jpg",,"['Shae', 'Tywin Lannister']",,,['Sansa Stark'],['Daenerys Targaryen'],,,,,,,,,male,,,,,2.0
206,Tywin Lannister,/character/ch0242185/,Charles Dance,/name/nm0001097/,Lannister,,,,['Tyrion Lannister'],https://images-na.ssl-images-amazon.com/images/M/MV5BOTA4ODMxMzE1OV5BMl5BanBnXkFtZTcwMTM0ODg4OQ@@._V1._SX100_SY140_.jpg,https://images-na.ssl-images-amazon.com/images/M/MV5BOTA4ODMxMzE1OV5BMl5BanBnXkFtZTcwMTM0ODg4OQ@@._V1_.jpg,,,['Gregor Clegane'],"['Jaime Lannister', 'Cersei Lannister', 'Tyrion Lannister']",,,,,,,['Robert Baratheon'],,,,male,,3.0,3.0,1.0,
207,Vardis Egen,/character/ch0294458/,Brendan McCormack,/name/nm1788152/,,,,,['Bronn'],https://images-na.ssl-images-amazon.com/images/M/MV5BMzg1Y2NiYTYtNDY0Yi00OGMwLWJjZjktZDVlNDE1Y2M3MTMzXkEyXkFqcGdeQXVyMjk3NTUyOTc@._V1._SX100_SY140_.jpg,https://images-na.ssl-images-amazon.com/images/M/MV5BMzg1Y2NiYTYtNDY0Yi00OGMwLWJjZjktZDVlNDE1Y2M3MTMzXkEyXkFqcGdeQXVyMjk3NTUyOTc@._V1_.jpg,,,,,,,,,,,,,,,male,,,,,
208,Varly,/character/ch0379226/,Graham Charles,/name/nm1378721/,,,,,['Goldcloak'],,,,,,,,,,,,,,,,,male,,,,,
209,Viserion,,,,Targaryen,,,"['Drogon', 'Rhaegal']","['The Night King', 'Arya Stark']",,,,"['Pyat Pree', 'Great Master #1']",,,,,,,,['Daenerys Targaryen'],,,,,male,Dragon,,,,2.0
210,Viserys Targaryen,/character/ch0155775/,Harry Lloyd,/name/nm0516003/,Targaryen,True,"['Rhaella Targaryen', 'Aerys II Targaryen']","['Daenerys Targaryen', 'Rhaegar Targaryen']",['Khal Drogo'],https://images-na.ssl-images-amazon.com/images/M/MV5BMTgwNzIxMTU1OV5BMl5BanBnXkFtZTcwNzI2ODg5NA@@._V1._SX100_SY140_.jpg,"https://images-na.ssl-images-amazon.com/images/M/MV5BMTgwNzIxMTU1OV5BMl5BanBnXkFtZTcwNzI2ODg5NA@@._V1_SY1000_CR0,0,1503,1000_AL_.jpg",,,,,,,,,,,,,,,male,,,,,
211,Walda Bolton,/character/ch0506401/,Elizabeth Webster,/name/nm3531913/,"['Bolton', 'Frey']",,,,"[""Ramsay Snow's Hounds""]",https://images-na.ssl-images-amazon.com/images/M/MV5BOTZiNWE2YTYtZDA2Ny00ZmUwLTk4ZWUtZjFkM2JkYjFiNjE3XkEyXkFqcGdeQXVyMjk3NTUyOTc@._V1._SX100_SY140_.jpg,https://images-na.ssl-images-amazon.com/images/M/MV5BOTZiNWE2YTYtZDA2Ny00ZmUwLTk4ZWUtZjFkM2JkYjFiNjE3XkEyXkFqcGdeQXVyMjk3NTUyOTc@._V1_.jpg,,,,,['Roose Bolton'],,,,,,,,,,female,,,,,
212,Walder Frey,/character/ch0305328/,David Bradley,/name/nm0103195/,Frey,,,,['Arya Stark'],https://images-na.ssl-images-amazon.com/images/M/MV5BYzU0YzZjMTktZDA2Ni00YTRhLWFkZTgtOTQ4Yjg2MmQ2OGUzXkEyXkFqcGdeQXVyMjk3NTUyOTc@._V1._SX100_SY140_.jpg,https://images-na.ssl-images-amazon.com/images/M/MV5BYzU0YzZjMTktZDA2Ni00YTRhLWFkZTgtOTQ4Yjg2MmQ2OGUzXkEyXkFqcGdeQXVyMjk3NTUyOTc@._V1_.jpg,,,,"['Black Walder Rivers', 'Lothar Frey', 'Roslin Frey', 'Ryger Rivers']","['Joyeuse Erenford', 'Kitty Frey']",,,,,,,,,,male,,4.0,4.0,,
213,Wallen,,Barry O'Connor,,,,,,['Robb Stark'],,,,,,,,,,,,,,,,,male,,,,,
214,Waymar Royce,/character/ch0171390/,Rob Ostlere,/name/nm3209935/,,,['Yohn Royce'],,['White Walker'],https://images-na.ssl-images-amazon.com/images/M/MV5BYzE1Y2EwN2QtMzMzZS00MDZkLTg4ZjItN2NkNGNkYjAzZGVlXkEyXkFqcGdeQXVyMjk3NTUyOTc@._V1._SX100_SY140_.jpg,https://images-na.ssl-images-amazon.com/images/M/MV5BYzE1Y2EwN2QtMzMzZS00MDZkLTg4ZjItN2NkNGNkYjAzZGVlXkEyXkFqcGdeQXVyMjk3NTUyOTc@._V1_.jpg,,,,,,,,,,,,,,,male,,,,,
215,Wight Wildling Girl,/character/ch0305043/,Claire Wright,/name/nm4422708/,,,,,,https://images-na.ssl-images-amazon.com/images/M/MV5BNTg0OTdiOTYtNjBlYS00ZjI1LWEzMTAtODExOWRhNDZhMWNhXkEyXkFqcGdeQXVyMjk3NTUyOTc@._V1._SX100_SY140_.jpg,https://images-na.ssl-images-amazon.com/images/M/MV5BNTg0OTdiOTYtNjBlYS00ZjI1LWEzMTAtODExOWRhNDZhMWNhXkEyXkFqcGdeQXVyMjk3NTUyOTc@._V1_.jpg,,,,,,,,,,,,,,,female,White_Walkers,,,,
216,Will,/character/ch0171394/,Bronson Webb,/name/nm0916037/,,,,,['Eddard Stark'],https://images-na.ssl-images-amazon.com/images/M/MV5BNjZlMDJhMmUtNzFlYS00ZTI1LWI5MjUtYmZkNTRlNmZmYzJlXkEyXkFqcGdeQXVyMjk3NTUyOTc@._V1._SX100_SY140_.jpg,https://images-na.ssl-images-amazon.com/images/M/MV5BNjZlMDJhMmUtNzFlYS00ZTI1LWI5MjUtYmZkNTRlNmZmYzJlXkEyXkFqcGdeQXVyMjk3NTUyOTc@._V1_.jpg,,,,,,,,,,,,,,,male,,,,,
217,Willem Lannister,/character/ch0395356/,Timothy Gibbons,/name/nm5624523/,Lannister,,['Kevan Lannister'],"['Lancel Lannister', 'Martyn Lannister']",['Rickard Karstark'],,,,,,,,,,,,,,,,,male,,,,,
218,Willis Wode,/character/ch0305315/,Ryan McKenna,/name/nm4416560/,,,,,['Mountain Clansman'],https://images-na.ssl-images-amazon.com/images/M/MV5BMmY3NWI0YTItNWFkZi00MTVlLWIyNDQtN2MwYjY0ZjhhOTdlXkEyXkFqcGdeQXVyMjk3NTUyOTc@._V1._SX100_SY140_.jpg,https://images-na.ssl-images-amazon.com/images/M/MV5BMmY3NWI0YTItNWFkZi00MTVlLWIyNDQtN2MwYjY0ZjhhOTdlXkEyXkFqcGdeQXVyMjk3NTUyOTc@._V1_.jpg,,,,,,,,,,,,,,,,,,,,
219,Wun Wun,/character/ch0524621/,Ian Whyte,/name/nm1613839/,,,,,"['Ramsay Snow', 'Lyanna Mormont']",https://images-na.ssl-images-amazon.com/images/M/MV5BNTFjMTczNTQtNzE5MC00ZTI1LWI0ZGMtMTA4NGU2ZGQ5ZjRkXkEyXkFqcGdeQXVyNDUzOTQ5MjY@._V1._SX100_SY140_.jpg,https://images-na.ssl-images-amazon.com/images/M/MV5BNTFjMTczNTQtNzE5MC00ZTI1LWI0ZGMtMTA4NGU2ZGQ5ZjRkXkEyXkFqcGdeQXVyNDUzOTQ5MjY@._V1_.jpg,,['Lyanna Mormont'],,,,,,,,,,,,,male,,,,,1.0
220,Xaro Xhoan Daxos,/character/ch0303950/,Nonso Anozie,/name/nm1996829/,,,,,['Daenerys Targaryen'],https://images-na.ssl-images-amazon.com/images/M/MV5BMTU3NTA5NDA3NF5BMl5BanBnXkFtZTcwNzY2NDg1Nw@@._V1._SX100_SY140_.jpg,"https://images-na.ssl-images-amazon.com/images/M/MV5BMTU3NTA5NDA3NF5BMl5BanBnXkFtZTcwNzY2NDg1Nw@@._V1_SY1000_CR0,0,666,1000_AL_.jpg",,,,,,,,,,,,,,,male,,,,,
221,Yara Greyjoy,/character/ch0300217/,Gemma Whelan,/name/nm2247629/,Greyjoy,,['Balon Greyjoy'],['Theon Greyjoy'],,https://images-na.ssl-images-amazon.com/images/M/MV5BMTc2NzU5ODk0MV5BMl5BanBnXkFtZTcwMzEyNDY2OQ@@._V1._SX100_SY140_.jpg,"https://images-na.ssl-images-amazon.com/images/M/MV5BMTc2NzU5ODk0MV5BMl5BanBnXkFtZTcwMzEyNDY2OQ@@._V1_SY1000_CR0,0,1503,1000_AL_.jpg",,,,,,,,,,,,,,,female,,,,,
222,Ygritte,/character/ch0304492/,Rose Leslie,/name/nm3310211/,,,,,['Olly'],https://images-na.ssl-images-amazon.com/images/M/MV5BMTg0NDA1Njk3Nl5BMl5BanBnXkFtZTcwOTQ2NDk4OQ@@._V1._SX100_SY140_.jpg,"https://images-na.ssl-images-amazon.com/images/M/MV5BMTg0NDA1Njk3Nl5BMl5BanBnXkFtZTcwOTQ2NDk4OQ@@._V1_SY1000_CR0,0,724,1000_AL_.jpg",,"['Old Man', 'Guymon', ""Mole's Town Whore"", 'Pypar']",,,['Jon Snow'],,,,,,,,,,female,,,,,4.0
223,Yohn Royce,/character/ch0524546/,Rupert Vansittart,/name/nm0889338/,,,,,,https://images-na.ssl-images-amazon.com/images/M/MV5BZjgwNDc4NGQtMmQyMS00YjMyLWFhZWUtZmM0MjRkYmNmNGExXkEyXkFqcGdeQXVyMjk3NTUyOTc@._V1._SX100_SY140_.jpg,https://images-na.ssl-images-amazon.com/images/M/MV5BZjgwNDc4NGQtMmQyMS00YjMyLWFhZWUtZmM0MjRkYmNmNGExXkEyXkFqcGdeQXVyMjk3NTUyOTc@._V1_.jpg,,,,['Waymar Royce'],,,,,,,,,,,male,,1.0,1.0,,
224,Yoren,/character/ch0251493/,Francis Magee,/name/nm0535837/,,,,,['Amory Lorch'],https://images-na.ssl-images-amazon.com/images/M/MV5BMTZjZWMwZWItYTdlNi00N2RmLWFlYjQtZTZlYTIxYTRkMWJlXkEyXkFqcGdeQXVyMjk3NTUyOTc@._V1._SX100_SY140_.jpg,https://images-na.ssl-images-amazon.com/images/M/MV5BMTZjZWMwZWItYTdlNi00N2RmLWFlYjQtZTZlYTIxYTRkMWJlXkEyXkFqcGdeQXVyMjk3NTUyOTc@._V1_.jpg,,,,,,,,,,,,,,,male,,,,,
225,Young Benjen Stark,/character/ch0153996/,Matteo Elezi,/name/nm5502295/,Stark,,,,,,,,,,,,,,,,,,,,,male,,,,,
226,Young Cersei Lannister,/character/ch0159526/,Nell Williams,/name/nm5309709/,Lannister,,,,,,,,,,,,,,,,,,,,,female,,,,,
227,Young Lyanna Stark,/character/ch0543804/,Cordelia Hill,/name/nm8108764/,Stark,,,,,,,,,,,,,,,,,,,,,female,,,,,
228,Young Ned,/character/ch0154681/,Robert Aramayo,/name/nm7075019/,Stark,,,,,,,,,,,,,,,,,,,,,,,,,,
229,Young Ned Stark,/character/ch0154681/,Sebastian Croft,/name/nm7509185/,Stark,,,,,,,,,,,,,,,,,,,,,male,,,,,
